patient_ID	histologic_diagnosis	prospective_collection	retrospective_collection	gender	days_to_birth	race	ethnicity	history_other_malignancy	history_neoadjuvant_treatment	diagnosis_year	ajcc_staging_edition	stage_T	stage_N	stage_M	stage_S	residual_tumor	lymph_nodes_examined	lymph_nodes_examined_count	lymph_nodes_examined_he_count	lymph_nodes_examined_ihc_count	status_vital	days_to_last_contact	death_days_to	status_tumor	cea_level_pretreatment	specimen_non_node_tumor_deposits	circumferential_resection_margin_crm	vascular_invasion_indicator	lymphovascular_invasion_indicator	perineural_invasion	microsatellite_instability	loci_test_count	loci_abnormal_count	mismatch_rep_protein_test_ihc	mismatch_rep_protein_loss_ihc	kras_gene_analysis_indicator	kras_mutation_found	kras_mutation_codon	braf_indicator	braf_gene_result	history_other_malignancy.1	history_colon_polyps	colon_polyps_at_procurement_indicator	weight_kg	height_cm	history_family_colorectal_cancer	radiation_treatment_adjuvant	pharmaceutical_tx_adjuvant	treatment_outcome_first_course	new_tumor_event_diagnosis_indicator	age_at_initial_pathologic_diagnosis	anatomic_neoplasm_subdivision	stage_M.1	stage_N.1	stage_T.1	stage_S.1	days_to_diagnosis	extranodal_involvement	initial_pathologic_diagnosis_method	stage_other	tissue_source_site_code	tumor_tissue_site
1	TCGA.AF.2687	RECTAL ADENOCARCINOMA	TRUE	FALSE	MALE	-21098	WHITE	NOT HISPANIC OR LATINO	FALSE	FALSE	01/01/2009	NA	T3	N2	M0	S3C	R0	TRUE	16	6	NA	ALIVE	595	NA	TUMOR FREE	5.3	TRUE	NA	FALSE	TRUE	NA	NA	NA	NA	NA	NA	FALSE	NA	NA	FALSE	NA	FALSE	FALSE	FALSE	68.2	163	FALSE	NA	NA	NA	NA	57	RECTUM	NA	NA	NA	NA	0	NA	NA	NA	AF	RECTUM
2	TCGA.AF.2689	RECTAL ADENOCARCINOMA	TRUE	FALSE	FEMALE	-15082	WHITE	NOT HISPANIC OR LATINO	FALSE	FALSE	01/01/2009	NA	T3	N2	M1	S4	R0	TRUE	32	6	NA	ALIVE	482	NA	WITH TUMOR	6	FALSE	NA	FALSE	TRUE	NA	NA	NA	NA	FALSE	NA	TRUE	TRUE	13	FALSE	NA	FALSE	FALSE	FALSE	55.5	163	NA	NA	NA	NA	NA	41	RECTOSIGMOID JUNCTION	NA	NA	NA	NA	0	NA	NA	NA	AF	RECTUM
3	TCGA.AF.2690	RECTAL ADENOCARCINOMA	TRUE	FALSE	FEMALE	-28119	WHITE	NOT HISPANIC OR LATINO	FALSE	FALSE	01/01/2009	6TH	T3	N2	M0	S3C	R0	TRUE	24	3	NA	ALIVE	358	NA	TUMOR FREE	4.2	TRUE	NA	TRUE	TRUE	NA	NA	NA	NA	NA	NA	FALSE	NA	NA	FALSE	NA	FALSE	FALSE	FALSE	54.5	160	TRUE	NA	NA	NA	NA	76	RECTUM	NA	NA	NA	NA	0	NA	NA	NA	AF	RECTUM
4	TCGA.AF.2691	RECTAL ADENOCARCINOMA	TRUE	FALSE	FEMALE	-17759	WHITE	NOT HISPANIC OR LATINO	FALSE	FALSE	01/01/2009	NA	T1	N0	M0	S1	R0	TRUE	17	0	NA	ALIVE	323	NA	TUMOR FREE	1.3	FALSE	NA	FALSE	FALSE	NA	NA	NA	NA	FALSE	NA	FALSE	NA	NA	FALSE	NA	FALSE	FALSE	FALSE	52.4	167.6	FALSE	NA	NA	NA	NA	48	RECTUM	NA	NA	NA	NA	0	NA	NA	NA	AF	RECTUM
5	TCGA.AF.2692	NA	TRUE	FALSE	FEMALE	-19830	WHITE	NOT HISPANIC OR LATINO	FALSE	FALSE	01/01/2009	NA	T3	N0	M0	S2A	R0	TRUE	12	0	NA	ALIVE	412	NA	WITH TUMOR	10.6	FALSE	NA	FALSE	FALSE	NA	NA	NA	NA	FALSE	NA	TRUE	TRUE	12	FALSE	NA	FALSE	FALSE	TRUE	64.4	170	FALSE	NA	NA	NA	NA	54	NA	NA	NA	NA	NA	0	NA	NA	NA	AF	NA
6	TCGA.AF.2693	NA	TRUE	FALSE	MALE	-27443	WHITE	NOT HISPANIC OR LATINO	FALSE	FALSE	01/01/2009	6TH	T2	N0	MX	S1	NA	TRUE	30	0	NA	ALIVE	581	NA	TUMOR FREE	4	FALSE	NA	FALSE	FALSE	NA	NA	NA	NA	FALSE	NA	FALSE	NA	NA	FALSE	NA	FALSE	FALSE	FALSE	107.6	180.3	FALSE	NA	NA	NA	NA	75	SIGMOID COLON	NA	NA	NA	NA	0	NA	NA	NA	AF	NA
7	TCGA.AF.3400	RECTAL MUCINOUS ADENOCARCINOMA	TRUE	FALSE	MALE	-19826	WHITE	NOT HISPANIC OR LATINO	FALSE	FALSE	01/01/2009	NA	T3	N0	M0	S2A	R0	TRUE	32	0	NA	ALIVE	387	NA	TUMOR FREE	2.8	FALSE	NA	FALSE	FALSE	NA	FALSE	5	0	FALSE	NA	FALSE	NA	NA	FALSE	NA	FALSE	FALSE	TRUE	85.4	177.8	TRUE	NA	NA	NA	NA	54	RECTOSIGMOID JUNCTION	NA	NA	NA	NA	0	NA	NA	NA	AF	RECTUM
8	TCGA.AF.3911	RECTAL ADENOCARCINOMA	TRUE	FALSE	MALE	-17609	WHITE	NOT HISPANIC OR LATINO	FALSE	FALSE	01/01/2009	6TH	T3	N2	MX	S3C	NA	TRUE	18	9	NA	ALIVE	537	NA	TUMOR FREE	1.1	TRUE	NA	FALSE	TRUE	NA	FALSE	5	0	FALSE	NA	FALSE	NA	NA	FALSE	NA	FALSE	NA	TRUE	94.5	180.3	FALSE	NA	NA	NA	NA	48	RECTUM	NA	NA	NA	NA	0	NA	NA	NA	AF	RECTUM
9	TCGA.AF.3913	RECTAL ADENOCARCINOMA	TRUE	FALSE	MALE	-21970	BLACK OR AFRICAN AMERICAN	NOT HISPANIC OR LATINO	TRUE	FALSE	01/01/2009	NA	T3	N1	M1	S4	R0	TRUE	26	1	NA	DEAD	NA	316	WITH TUMOR	41.5	FALSE	NA	FALSE	TRUE	NA	NA	NA	NA	FALSE	NA	TRUE	FALSE	NA	FALSE	NA	TRUE	FALSE	TRUE	95.5	180	NA	NA	NA	NA	NA	60	RECTOSIGMOID JUNCTION	NA	NA	NA	NA	0	NA	NA	NA	AF	RECTUM
10	TCGA.AF.3914	RECTAL ADENOCARCINOMA	TRUE	FALSE	MALE	-14426	WHITE	NOT HISPANIC OR LATINO	FALSE	FALSE	01/01/2010	NA	T3	N2A	M0	S3B	R0	TRUE	55	5	NA	ALIVE	265	NA	TUMOR FREE	1.4	FALSE	NA	TRUE	TRUE	NA	FALSE	5	0	FALSE	NA	FALSE	NA	NA	FALSE	NA	FALSE	FALSE	FALSE	64.2	172.7	FALSE	NA	NA	NA	NA	39	RECTOSIGMOID JUNCTION	NA	NA	NA	NA	0	NA	NA	NA	AF	RECTUM
11	TCGA.AF.4110	NA	TRUE	FALSE	MALE	-28289	WHITE	NOT HISPANIC OR LATINO	FALSE	FALSE	01/01/2010	7TH	T4A	N2B	MX	S4A	R0	TRUE	34	21	NA	ALIVE	441	NA	TUMOR FREE	28.7	TRUE	NA	TRUE	TRUE	NA	FALSE	5	0	FALSE	NA	FALSE	NA	NA	FALSE	NA	FALSE	FALSE	TRUE	92	188	FALSE	NA	NA	NA	NA	77	RECTOSIGMOID JUNCTION	NA	NA	NA	NA	0	NA	NA	NA	AF	NA
12	TCGA.AF.5654	RECTAL ADENOCARCINOMA	TRUE	FALSE	FEMALE	-26738	WHITE	NOT HISPANIC OR LATINO	FALSE	FALSE	01/01/2010	NA	T2	N0	M0	S1	R0	TRUE	24	0	NA	ALIVE	257	NA	TUMOR FREE	NA	FALSE	NA	FALSE	FALSE	NA	FALSE	5	0	TRUE	MLH1-EXPRESSED|MSH2-EXPRESSED|PMS2-EXPRESSED|MSH6-EXPRESSED	FALSE	NA	NA	FALSE	NA	FALSE	FALSE	FALSE	96.6	165	FALSE	NA	NA	NA	NA	73	RECTOSIGMOID JUNCTION	NA	NA	NA	NA	0	NA	NA	NA	AF	RECTUM
13	TCGA.AF.6136	RECTAL ADENOCARCINOMA	TRUE	FALSE	FEMALE	-26490	WHITE	NOT HISPANIC OR LATINO	FALSE	FALSE	01/01/2011	7TH	T3	N1B	MX	S3B	NA	TRUE	52	2	NA	ALIVE	232	NA	WITH TUMOR	18.3	TRUE	NA	TRUE	TRUE	NA	FALSE	5	0	TRUE	MLH1-EXPRESSED|MSH2-EXPRESSED|PMS2-EXPRESSED|MSH6-EXPRESSED	NA	NA	NA	NA	NA	FALSE	FALSE	FALSE	67.2	161.3	FALSE	NA	NA	NA	NA	72	RECTOSIGMOID JUNCTION	NA	NA	NA	NA	0	NA	NA	NA	AF	RECTUM
14	TCGA.AF.6655	RECTAL ADENOCARCINOMA	TRUE	FALSE	MALE	-24417	WHITE	NOT HISPANIC OR LATINO	FALSE	FALSE	01/01/2010	7TH	T2	N1	M0	S3A	R0	TRUE	29	2	NA	ALIVE	194	NA	TUMOR FREE	1.6	FALSE	NA	FALSE	TRUE	NA	FALSE	4	0	TRUE	MLH1-EXPRESSED|MSH2-EXPRESSED|PMS2-EXPRESSED|MSH6-EXPRESSED	FALSE	NA	NA	FALSE	NA	FALSE	TRUE	FALSE	53.2	173	FALSE	NA	NA	NA	NA	66	RECTUM	NA	NA	NA	NA	0	NA	NA	NA	AF	RECTUM
15	TCGA.AF.6672	RECTAL ADENOCARCINOMA	TRUE	FALSE	MALE	-15965	WHITE	NOT HISPANIC OR LATINO	FALSE	FALSE	01/01/2011	7TH	T4A	N2B	MX	S4	NA	TRUE	37	18	NA	ALIVE	224	NA	TUMOR FREE	9.6	TRUE	NA	FALSE	TRUE	NA	FALSE	5	NA	FALSE	NA	TRUE	TRUE	12	FALSE	NA	NA	TRUE	FALSE	93.8	172.7	FALSE	NA	NA	NA	NA	43	RECTOSIGMOID JUNCTION	NA	NA	NA	NA	0	NA	NA	NA	AF	RECTUM
16	TCGA.AF.A56K	RECTAL ADENOCARCINOMA	FALSE	TRUE	MALE	-20527	BLACK OR AFRICAN AMERICAN	NOT HISPANIC OR LATINO	FALSE	FALSE	01/01/2006	6TH	T3	N0	M0	S2A	R0	TRUE	44	0	NA	ALIVE	2396	NA	TUMOR FREE	0.5	FALSE	0	FALSE	FALSE	NA	NA	NA	NA	NA	NA	FALSE	NA	NA	FALSE	NA	FALSE	FALSE	FALSE	145.5	182.5	FALSE	FALSE	FALSE	COMPLETE REMISSION	TRUE	56	SIGMOID COLON	NA	NA	NA	NA	0	NA	NA	NA	AF	RECTUM
17	TCGA.AF.A56L	RECTAL ADENOCARCINOMA	FALSE	TRUE	FEMALE	-17734	BLACK OR AFRICAN AMERICAN	NA	FALSE	FALSE	01/01/2008	6TH	T3	N2	M0	S3C	RX	TRUE	23	10	NA	ALIVE	1760	NA	TUMOR FREE	3.2	TRUE	NA	FALSE	TRUE	NA	FALSE	5	0	TRUE	MLH1-EXPRESSED|MSH2-EXPRESSED|PMS2-EXPRESSED|MSH6-EXPRESSED	NA	NA	NA	NA	NA	FALSE	FALSE	FALSE	74.3	159	FALSE	FALSE	TRUE	COMPLETE REMISSION	FALSE	48	SIGMOID COLON	NA	NA	NA	NA	0	NA	NA	NA	AF	RECTUM
18	TCGA.AF.A56N	RECTAL ADENOCARCINOMA	TRUE	FALSE	FEMALE	-17480	BLACK OR AFRICAN AMERICAN	NOT HISPANIC OR LATINO	FALSE	FALSE	01/01/2012	7TH	T3	N0	M0	S2A	R0	TRUE	33	0	NA	ALIVE	138	NA	TUMOR FREE	9.5	FALSE	NA	FALSE	FALSE	NA	FALSE	5	0	TRUE	MLH1-EXPRESSED|MSH2-EXPRESSED|PMS2-EXPRESSED|MSH6-EXPRESSED	NA	NA	NA	NA	NA	FALSE	FALSE	FALSE	78.1	165.1	FALSE	TRUE	TRUE	COMPLETE REMISSION	FALSE	47	RECTUM	NA	NA	NA	NA	0	NA	NA	NA	AF	RECTUM
19	TCGA.AG.3574	RECTAL ADENOCARCINOMA	FALSE	TRUE	FEMALE	-32781	NA	NA	FALSE	FALSE	01/01/2005	5TH	T3	N0	M0	S2	R0	TRUE	18	0	NA	ALIVE	0	NA	WITH TUMOR	4.59	NA	NA	FALSE	FALSE	NA	NA	NA	NA	FALSE	NA	FALSE	NA	NA	FALSE	NA	FALSE	TRUE	FALSE	NA	NA	FALSE	NA	NA	NA	NA	89	RECTUM	NA	NA	NA	NA	0	NA	NA	NA	AG	RECTUM
20	TCGA.AG.3575	RECTAL ADENOCARCINOMA	FALSE	TRUE	MALE	-18932	NA	NA	FALSE	FALSE	01/01/2006	5TH	T3	N0	M0	S2	R0	TRUE	31	0	NA	ALIVE	365	NA	NA	0.83	NA	1	FALSE	FALSE	NA	NA	NA	NA	FALSE	NA	FALSE	NA	NA	FALSE	NA	FALSE	FALSE	NA	NA	NA	FALSE	NA	NA	NA	NA	51	RECTUM	NA	NA	NA	NA	0	NA	NA	NA	AG	RECTUM
21	TCGA.AG.3578	RECTAL MUCINOUS ADENOCARCINOMA	FALSE	TRUE	FEMALE	-27851	NA	NA	FALSE	FALSE	01/01/2007	6TH	T3	N0	M0	S2A	R0	TRUE	25	0	NA	ALIVE	0	NA	WITH TUMOR	1.39	NA	NA	FALSE	FALSE	NA	NA	NA	NA	FALSE	NA	FALSE	NA	NA	FALSE	NA	FALSE	TRUE	NA	NA	NA	FALSE	NA	NA	NA	NA	76	RECTUM	NA	NA	NA	NA	0	NA	NA	NA	AG	RECTUM
22	TCGA.AG.3580	RECTAL ADENOCARCINOMA	FALSE	TRUE	MALE	-24775	NA	NA	TRUE	FALSE	01/01/2007	5TH	T1	N0	M0	S1	R0	TRUE	22	0	NA	ALIVE	0	NA	WITH TUMOR	0.87	NA	NA	FALSE	FALSE	NA	NA	NA	NA	FALSE	NA	FALSE	NA	NA	FALSE	NA	FALSE	TRUE	NA	NA	NA	FALSE	NA	NA	NA	NA	67	RECTUM	NA	NA	NA	NA	0	NA	NA	NA	AG	RECTUM
23	TCGA.AG.3581	RECTAL ADENOCARCINOMA	FALSE	TRUE	MALE	-23345	NA	NA	FALSE	FALSE	01/01/2007	6TH	T2	N0	M0	S1	R0	TRUE	33	0	NA	ALIVE	31	NA	WITH TUMOR	0.65	NA	NA	FALSE	FALSE	NA	NA	NA	NA	FALSE	NA	FALSE	NA	NA	FALSE	NA	FALSE	FALSE	NA	NA	NA	FALSE	NA	NA	NA	NA	63	RECTUM	NA	NA	NA	NA	0	NA	NA	NA	AG	RECTUM
24	TCGA.AG.3582	RECTAL ADENOCARCINOMA	FALSE	TRUE	MALE	-27636	NA	NA	FALSE	FALSE	01/01/2007	6TH	T3	N1	M1	S4	R2	TRUE	28	1	NA	ALIVE	31	NA	WITH TUMOR	612.1	NA	NA	FALSE	FALSE	NA	NA	NA	NA	FALSE	NA	FALSE	NA	NA	FALSE	NA	FALSE	FALSE	NA	NA	NA	FALSE	NA	NA	NA	NA	75	RECTUM	NA	NA	NA	NA	0	NA	NA	NA	AG	RECTUM
25	TCGA.AG.3583	RECTAL MUCINOUS ADENOCARCINOMA	FALSE	TRUE	MALE	-24107	NA	NA	FALSE	FALSE	01/01/2008	6TH	T3	N2	M1	S4	R2	TRUE	34	9	NA	ALIVE	61	NA	WITH TUMOR	90.73	NA	NA	FALSE	TRUE	NA	NA	NA	NA	FALSE	NA	FALSE	NA	NA	FALSE	NA	FALSE	FALSE	NA	NA	NA	FALSE	NA	NA	NA	NA	66	RECTUM	NA	NA	NA	NA	0	NA	NA	NA	AG	RECTUM
26	TCGA.AG.3584	RECTAL ADENOCARCINOMA	FALSE	TRUE	MALE	-22189	NA	NA	FALSE	FALSE	01/01/2008	6TH	T3	N2	M1	S4	R2	TRUE	34	20	NA	ALIVE	0	NA	WITH TUMOR	36.7	NA	2	TRUE	TRUE	NA	NA	NA	NA	FALSE	NA	FALSE	NA	NA	FALSE	NA	FALSE	FALSE	NA	NA	NA	FALSE	NA	NA	NA	NA	60	RECTUM	NA	NA	NA	NA	0	NA	NA	NA	AG	RECTUM
27	TCGA.AG.3586	NA	FALSE	TRUE	FEMALE	-26542	NA	NA	FALSE	FALSE	01/01/2006	5TH	T3	N2	M0	S3	R0	TRUE	19	4	NA	ALIVE	31	NA	WITH TUMOR	1.86	NA	NA	FALSE	TRUE	NA	NA	NA	NA	FALSE	NA	FALSE	NA	NA	FALSE	NA	FALSE	FALSE	NA	NA	NA	FALSE	NA	NA	NA	NA	72	RECTUM	NA	NA	NA	NA	0	NA	NA	NA	AG	RECTUM
28	TCGA.AG.3587	RECTAL ADENOCARCINOMA	FALSE	TRUE	MALE	-24075	NA	NA	FALSE	FALSE	01/01/2007	6TH	T2	N0	M0	S1	R0	TRUE	17	0	NA	ALIVE	31	NA	WITH TUMOR	1.41	NA	NA	FALSE	FALSE	NA	NA	NA	NA	FALSE	NA	NA	FALSE	NA	FALSE	NA	FALSE	FALSE	NA	NA	NA	FALSE	NA	NA	NA	NA	65	RECTUM	NA	NA	NA	NA	0	NA	NA	NA	AG	RECTUM
29	TCGA.AG.3591	RECTAL ADENOCARCINOMA	FALSE	TRUE	FEMALE	-24167	NA	NA	FALSE	FALSE	01/01/2007	6TH	T3	N0	M0	S2A	R0	TRUE	16	0	NA	ALIVE	0	NA	WITH TUMOR	15.72	NA	2	FALSE	FALSE	NA	NA	NA	NA	FALSE	NA	FALSE	NA	NA	FALSE	NA	FALSE	TRUE	NA	NA	NA	FALSE	NA	NA	NA	NA	66	RECTUM	NA	NA	NA	NA	0	NA	NA	NA	AG	RECTUM
30	TCGA.AG.3592	RECTAL ADENOCARCINOMA	FALSE	TRUE	MALE	-25141	NA	NA	FALSE	FALSE	01/01/2007	6TH	T3	N0	M0	S2A	R0	TRUE	32	0	NA	ALIVE	0	NA	WITH TUMOR	0.96	NA	NA	FALSE	FALSE	NA	NA	NA	NA	FALSE	NA	FALSE	NA	NA	NA	NA	FALSE	TRUE	NA	NA	NA	FALSE	NA	NA	NA	NA	68	RECTUM	NA	NA	NA	NA	0	NA	NA	NA	AG	RECTUM
31	TCGA.AG.3593	RECTAL ADENOCARCINOMA	FALSE	TRUE	FEMALE	-26480	NA	NA	FALSE	FALSE	01/01/2007	6TH	T3	N0	M0	S2A	R0	TRUE	38	0	NA	ALIVE	0	NA	WITH TUMOR	9.76	NA	2	FALSE	FALSE	NA	NA	NA	NA	FALSE	NA	FALSE	NA	NA	FALSE	NA	FALSE	FALSE	NA	NA	NA	FALSE	NA	NA	NA	NA	72	RECTUM	NA	NA	NA	NA	0	NA	NA	NA	AG	RECTUM
32	TCGA.AG.3594	RECTAL MUCINOUS ADENOCARCINOMA	FALSE	TRUE	MALE	-28277	NA	NA	FALSE	FALSE	01/01/2007	6TH	T3	N0	M0	S2A	R0	TRUE	25	0	NA	ALIVE	0	NA	WITH TUMOR	2.99	NA	0	FALSE	FALSE	NA	NA	NA	NA	FALSE	NA	FALSE	NA	NA	FALSE	NA	FALSE	TRUE	NA	NA	NA	FALSE	NA	NA	NA	NA	77	RECTUM	NA	NA	NA	NA	0	NA	NA	NA	AG	RECTUM
33	TCGA.AG.3598	RECTAL ADENOCARCINOMA	FALSE	TRUE	MALE	-25324	NA	NA	FALSE	FALSE	01/01/2007	6TH	T3	N0	M0	S2A	R0	TRUE	65	0	NA	ALIVE	0	NA	WITH TUMOR	4.76	NA	NA	FALSE	FALSE	NA	NA	NA	NA	FALSE	NA	FALSE	NA	NA	FALSE	NA	FALSE	FALSE	NA	NA	NA	FALSE	NA	NA	NA	NA	69	RECTUM	NA	NA	NA	NA	0	NA	NA	NA	AG	RECTUM
34	TCGA.AG.3599	NA	FALSE	TRUE	MALE	-25749	NA	NA	FALSE	FALSE	01/01/2007	5TH	T2	N0	M0	S1	R0	TRUE	12	0	NA	ALIVE	30	NA	WITH TUMOR	3.36	NA	NA	FALSE	FALSE	NA	NA	NA	NA	FALSE	NA	FALSE	NA	NA	FALSE	NA	FALSE	FALSE	NA	NA	NA	FALSE	NA	NA	NA	NA	70	RECTUM	NA	NA	NA	NA	0	NA	NA	NA	AG	RECTUM
35	TCGA.AG.3600	RECTAL ADENOCARCINOMA	FALSE	TRUE	MALE	-22767	NA	NA	FALSE	FALSE	01/01/2007	6TH	T3	N2	M0	S3C	R0	TRUE	45	31	NA	ALIVE	0	NA	WITH TUMOR	48.85	NA	10	FALSE	TRUE	NA	NA	NA	NA	FALSE	NA	FALSE	NA	NA	FALSE	NA	FALSE	TRUE	NA	NA	NA	FALSE	NA	NA	NA	NA	62	RECTUM	NA	NA	NA	NA	0	NA	NA	NA	AG	RECTUM
36	TCGA.AG.3601	RECTAL ADENOCARCINOMA	FALSE	TRUE	MALE	-24837	NA	NA	FALSE	FALSE	01/01/2007	6TH	T4	N1	M0	S3B	R2	TRUE	17	2	NA	ALIVE	0	NA	WITH TUMOR	47.92	NA	NA	FALSE	TRUE	NA	NA	NA	NA	FALSE	NA	FALSE	NA	NA	FALSE	NA	FALSE	FALSE	NA	NA	NA	FALSE	NA	NA	NA	NA	68	RECTUM	NA	NA	NA	NA	0	NA	NA	NA	AG	RECTUM
37	TCGA.AG.3602	RECTAL ADENOCARCINOMA	FALSE	TRUE	FEMALE	-24350	NA	NA	FALSE	FALSE	01/01/2007	6TH	T3	N2	M0	S3C	R0	TRUE	31	5	NA	ALIVE	0	NA	WITH TUMOR	66.9	NA	9	FALSE	TRUE	NA	NA	NA	NA	FALSE	NA	FALSE	NA	NA	FALSE	NA	FALSE	TRUE	NA	NA	NA	FALSE	NA	NA	NA	NA	66	RECTUM	NA	NA	NA	NA	0	NA	NA	NA	AG	RECTUM
38	TCGA.AG.3605	RECTAL ADENOCARCINOMA	FALSE	TRUE	FEMALE	-31078	NA	NA	FALSE	FALSE	01/01/2008	6TH	T3	N1	M1	S4	R2	TRUE	13	3	NA	ALIVE	30	NA	WITH TUMOR	23.09	NA	NA	TRUE	TRUE	NA	NA	NA	NA	FALSE	NA	FALSE	NA	NA	FALSE	NA	FALSE	FALSE	NA	NA	NA	FALSE	NA	NA	NA	NA	85	RECTUM	NA	NA	NA	NA	0	NA	NA	NA	AG	RECTUM
39	TCGA.AG.3608	RECTAL ADENOCARCINOMA	FALSE	TRUE	FEMALE	-29008	NA	NA	FALSE	FALSE	01/01/2008	6TH	T3	N0	M0	S2A	R0	TRUE	16	0	NA	ALIVE	0	NA	WITH TUMOR	NA	NA	0	FALSE	FALSE	NA	NA	NA	NA	FALSE	NA	FALSE	NA	NA	FALSE	NA	FALSE	TRUE	NA	NA	NA	FALSE	NA	NA	NA	NA	79	RECTUM	NA	NA	NA	NA	0	NA	NA	NA	AG	RECTUM
40	TCGA.AG.3609	RECTAL ADENOCARCINOMA	FALSE	TRUE	FEMALE	-23925	NA	NA	FALSE	FALSE	01/01/2008	6TH	T3	N2	M0	S3C	R0	TRUE	42	4	NA	ALIVE	0	NA	WITH TUMOR	NA	NA	NA	FALSE	TRUE	NA	NA	NA	NA	FALSE	NA	FALSE	NA	NA	FALSE	NA	FALSE	FALSE	NA	NA	NA	FALSE	NA	NA	NA	NA	65	RECTUM	NA	NA	NA	NA	0	NA	NA	NA	AG	RECTUM
41	TCGA.AG.3611	RECTAL ADENOCARCINOMA	FALSE	TRUE	MALE	-26420	NA	NA	TRUE	FALSE	01/01/2009	6TH	T3	N0	M0	S2A	R0	TRUE	19	0	NA	ALIVE	0	NA	WITH TUMOR	NA	NA	NA	FALSE	FALSE	NA	NA	NA	NA	FALSE	NA	FALSE	NA	NA	FALSE	NA	FALSE	TRUE	NA	NA	NA	FALSE	NA	NA	NA	NA	72	RECTUM	NA	NA	NA	NA	0	NA	NA	NA	AG	RECTUM
42	TCGA.AG.3612	RECTAL ADENOCARCINOMA	FALSE	TRUE	FEMALE	-20242	NA	NA	TRUE	FALSE	01/01/2009	6TH	T3	N1	M0	S3B	R0	TRUE	32	1	NA	ALIVE	0	NA	WITH TUMOR	NA	NA	0	FALSE	FALSE	NA	NA	NA	NA	FALSE	NA	FALSE	NA	NA	FALSE	NA	FALSE	FALSE	NA	NA	NA	FALSE	NA	NA	NA	NA	55	RECTUM	NA	NA	NA	NA	0	NA	NA	NA	AG	RECTUM
43	TCGA.AG.3725	RECTAL ADENOCARCINOMA	FALSE	TRUE	FEMALE	-32872	NA	NA	FALSE	FALSE	01/01/2005	5TH	T3	N2	M0	S3	R0	TRUE	18	5	NA	ALIVE	0	NA	WITH TUMOR	6.08	NA	NA	TRUE	TRUE	NA	NA	NA	NA	FALSE	NA	FALSE	NA	NA	FALSE	NA	FALSE	TRUE	NA	NA	NA	FALSE	NA	NA	NA	NA	90	RECTUM	NA	NA	NA	NA	0	NA	NA	NA	AG	RECTUM
44	TCGA.AG.3726	RECTAL ADENOCARCINOMA	FALSE	TRUE	FEMALE	-23345	NA	NA	FALSE	FALSE	01/01/2006	5TH	T2	N0	M0	S1	R0	TRUE	34	0	NA	ALIVE	243	NA	NA	3.98	NA	NA	FALSE	FALSE	NA	NA	NA	NA	FALSE	NA	FALSE	NA	NA	FALSE	NA	FALSE	FALSE	NA	NA	NA	FALSE	NA	NA	NA	NA	63	RECTUM	NA	NA	NA	NA	0	NA	NA	NA	AG	RECTUM
45	TCGA.AG.3727	RECTAL ADENOCARCINOMA	FALSE	TRUE	FEMALE	-28641	NA	NA	FALSE	FALSE	01/01/2006	5TH	T3	N1	M0	S3	R0	TRUE	25	2	NA	ALIVE	30	NA	WITH TUMOR	1.1	NA	NA	FALSE	TRUE	NA	NA	NA	NA	FALSE	NA	FALSE	NA	NA	FALSE	NA	FALSE	FALSE	NA	NA	NA	FALSE	NA	NA	NA	NA	78	RECTUM	NA	NA	NA	NA	0	NA	NA	NA	AG	RECTUM
46	TCGA.AG.3728	RECTAL ADENOCARCINOMA	FALSE	TRUE	MALE	-26906	NA	NA	FALSE	FALSE	01/01/2006	6TH	T3	N1	M0	S3B	R0	TRUE	19	3	NA	ALIVE	0	NA	WITH TUMOR	1.89	NA	10	FALSE	FALSE	NA	NA	NA	NA	FALSE	NA	FALSE	NA	NA	FALSE	NA	TRUE	TRUE	NA	NA	NA	FALSE	NA	NA	NA	NA	73	RECTUM	NA	NA	NA	NA	0	NA	NA	NA	AG	RECTUM
47	TCGA.AG.3731	RECTAL ADENOCARCINOMA	FALSE	TRUE	MALE	-23923	NA	NA	FALSE	FALSE	01/01/2004	5TH	T3	N1	M1	S4	R2	TRUE	34	3	NA	ALIVE	31	NA	WITH TUMOR	32.08	NA	NA	NA	NA	NA	NA	NA	NA	FALSE	NA	FALSE	NA	NA	FALSE	NA	FALSE	TRUE	NA	NA	NA	FALSE	NA	NA	NA	NA	65	RECTUM	NA	NA	NA	NA	0	NA	NA	NA	AG	RECTUM
48	TCGA.AG.3732	RECTAL ADENOCARCINOMA	FALSE	TRUE	FEMALE	-28521	NA	NA	FALSE	FALSE	01/01/2005	5TH	T2	N0	M0	S1	R0	TRUE	12	0	NA	ALIVE	0	NA	WITH TUMOR	1.21	NA	NA	FALSE	TRUE	NA	NA	NA	NA	NA	NA	FALSE	NA	NA	FALSE	NA	FALSE	FALSE	NA	NA	NA	TRUE	NA	NA	NA	NA	78	RECTUM	NA	NA	NA	NA	0	NA	NA	NA	AG	RECTUM
49	TCGA.AG.3742	RECTAL ADENOCARCINOMA	FALSE	TRUE	FEMALE	-31078	NA	NA	FALSE	FALSE	01/01/2004	5TH	T1	N0	M0	S1	R0	TRUE	18	0	NA	ALIVE	30	NA	WITH TUMOR	13.78	NA	NA	NA	NA	NA	NA	NA	NA	FALSE	NA	FALSE	NA	NA	FALSE	NA	FALSE	FALSE	NA	NA	NA	FALSE	NA	NA	NA	NA	85	RECTUM	NA	NA	NA	NA	0	NA	NA	NA	AG	RECTUM
50	TCGA.AG.3878	RECTAL ADENOCARCINOMA	FALSE	TRUE	MALE	-23527	NA	NA	FALSE	FALSE	01/01/2007	6TH	T2	N0	M0	S1	R0	TRUE	15	0	NA	ALIVE	30	NA	WITH TUMOR	1.15	NA	NA	FALSE	FALSE	NA	NA	NA	NA	FALSE	NA	FALSE	NA	NA	FALSE	NA	FALSE	TRUE	NA	NA	NA	FALSE	NA	NA	NA	NA	64	RECTUM	NA	NA	NA	NA	0	NA	NA	NA	AG	RECTUM
51	TCGA.AG.3881	NA	FALSE	TRUE	FEMALE	-30467	NA	NA	FALSE	FALSE	01/01/2008	6TH	T3	N0	M0	S2A	NA	TRUE	30	0	NA	ALIVE	0	NA	WITH TUMOR	16	NA	NA	TRUE	TRUE	NA	NA	NA	NA	FALSE	NA	FALSE	NA	NA	FALSE	NA	FALSE	FALSE	NA	NA	NA	FALSE	NA	NA	NA	NA	83	RECTUM	NA	NA	NA	NA	0	NA	NA	NA	AG	RECTUM
52	TCGA.AG.3882	RECTAL ADENOCARCINOMA	FALSE	TRUE	FEMALE	-24198	NA	NA	FALSE	FALSE	01/01/2008	6TH	T2	N0	M0	S1	R0	TRUE	18	0	NA	ALIVE	0	NA	WITH TUMOR	0.33	NA	NA	TRUE	TRUE	NA	NA	NA	NA	FALSE	NA	FALSE	NA	NA	FALSE	NA	FALSE	FALSE	NA	NA	NA	FALSE	NA	NA	NA	NA	66	RECTUM	NA	NA	NA	NA	0	NA	NA	NA	AG	RECTUM
53	TCGA.AG.3883	RECTAL ADENOCARCINOMA	FALSE	TRUE	MALE	-25415	NA	NA	FALSE	FALSE	01/01/2008	6TH	T2	N0	M0	S1	R0	TRUE	15	0	NA	ALIVE	31	NA	WITH TUMOR	2.39	NA	NA	TRUE	TRUE	NA	NA	NA	NA	FALSE	NA	FALSE	NA	NA	FALSE	NA	FALSE	FALSE	NA	NA	NA	FALSE	NA	NA	NA	NA	69	RECTUM	NA	NA	NA	NA	0	NA	NA	NA	AG	RECTUM
54	TCGA.AG.3885	RECTAL ADENOCARCINOMA	FALSE	TRUE	FEMALE	-26145	NA	NA	FALSE	FALSE	01/01/2008	6TH	T3	N1	M0	S3B	R0	TRUE	19	3	NA	ALIVE	0	NA	WITH TUMOR	NA	NA	0	TRUE	TRUE	NA	NA	NA	NA	FALSE	NA	FALSE	NA	NA	FALSE	NA	FALSE	FALSE	NA	NA	NA	FALSE	NA	NA	NA	NA	71	RECTUM	NA	NA	NA	NA	0	NA	NA	NA	AG	RECTUM
55	TCGA.AG.3887	RECTAL MUCINOUS ADENOCARCINOMA	FALSE	TRUE	MALE	-24960	NA	NA	FALSE	FALSE	01/01/2009	6TH	T3	N0	M0	S2A	R0	TRUE	14	0	NA	ALIVE	28	NA	WITH TUMOR	NA	NA	NA	TRUE	TRUE	NA	NA	NA	NA	FALSE	NA	FALSE	NA	NA	FALSE	NA	FALSE	TRUE	NA	NA	NA	TRUE	NA	NA	NA	NA	68	RECTUM	NA	NA	NA	NA	0	NA	NA	NA	AG	RECTUM
56	TCGA.AG.3890	RECTAL ADENOCARCINOMA	FALSE	TRUE	MALE	-22950	NA	NA	TRUE	FALSE	01/01/2009	6TH	T2	N0	M0	S1	R0	TRUE	12	0	NA	ALIVE	0	NA	WITH TUMOR	NA	NA	NA	TRUE	TRUE	NA	NA	NA	NA	FALSE	NA	FALSE	NA	NA	FALSE	NA	FALSE	TRUE	NA	NA	NA	TRUE	NA	NA	NA	NA	62	RECTUM	NA	NA	NA	NA	0	NA	NA	NA	AG	RECTUM
57	TCGA.AG.3891	RECTAL ADENOCARCINOMA	FALSE	TRUE	FEMALE	-24411	NA	NA	FALSE	FALSE	01/01/2009	6TH	T2	N0	M0	S1	R0	TRUE	13	0	NA	ALIVE	30	NA	WITH TUMOR	NA	NA	NA	NA	TRUE	NA	NA	NA	NA	FALSE	NA	FALSE	NA	NA	FALSE	NA	FALSE	TRUE	NA	NA	NA	FALSE	NA	NA	NA	NA	66	RECTUM	NA	NA	NA	NA	0	NA	NA	NA	AG	RECTUM
58	TCGA.AG.3892	RECTAL ADENOCARCINOMA	FALSE	TRUE	FEMALE	-20880	NA	NA	FALSE	FALSE	01/01/2009	6TH	T1	N0	M0	S1	R0	TRUE	17	0	NA	ALIVE	31	NA	WITH TUMOR	NA	NA	NA	NA	NA	NA	NA	NA	NA	FALSE	NA	FALSE	NA	NA	FALSE	NA	FALSE	FALSE	NA	NA	NA	FALSE	NA	NA	NA	NA	57	RECTUM	NA	NA	NA	NA	0	NA	NA	NA	AG	RECTUM
59	TCGA.AG.3893	RECTAL ADENOCARCINOMA	FALSE	TRUE	MALE	-27272	NA	NA	FALSE	FALSE	01/01/2009	6TH	T3	N1	M0	S3B	R0	TRUE	14	1	NA	ALIVE	30	NA	WITH TUMOR	NA	NA	NA	NA	TRUE	NA	NA	NA	NA	FALSE	NA	FALSE	NA	NA	FALSE	NA	FALSE	FALSE	NA	NA	NA	FALSE	NA	NA	NA	NA	74	RECTUM	NA	NA	NA	NA	0	NA	NA	NA	AG	RECTUM
60	TCGA.AG.3894	RECTAL ADENOCARCINOMA	FALSE	TRUE	MALE	-23954	NA	NA	FALSE	FALSE	01/01/2009	6TH	T3	N0	M0	S2A	R0	TRUE	15	0	NA	ALIVE	30	NA	WITH TUMOR	NA	NA	NA	TRUE	TRUE	NA	NA	NA	NA	FALSE	NA	FALSE	NA	NA	FALSE	NA	FALSE	TRUE	NA	NA	NA	FALSE	NA	NA	NA	NA	65	RECTUM	NA	NA	NA	NA	0	NA	NA	NA	AG	RECTUM
61	TCGA.AG.3896	RECTAL ADENOCARCINOMA	FALSE	TRUE	FEMALE	-31046	NA	NA	FALSE	FALSE	01/01/2009	6TH	T2	N0	M0	S1	R0	NA	12	0	NA	ALIVE	31	NA	WITH TUMOR	NA	NA	NA	TRUE	TRUE	NA	NA	NA	NA	FALSE	NA	FALSE	NA	NA	FALSE	NA	FALSE	FALSE	NA	NA	NA	FALSE	NA	NA	NA	NA	85	RECTUM	NA	NA	NA	NA	0	NA	NA	NA	AG	RECTUM
62	TCGA.AG.3898	RECTAL ADENOCARCINOMA	FALSE	TRUE	MALE	-22492	NA	NA	FALSE	FALSE	01/01/2006	6TH	T3	N0	M0	S2A	R0	TRUE	21	0	NA	ALIVE	0	NA	WITH TUMOR	1.98	NA	NA	FALSE	FALSE	NA	NA	NA	NA	FALSE	NA	FALSE	NA	NA	FALSE	NA	FALSE	TRUE	NA	NA	NA	FALSE	NA	NA	NA	NA	61	RECTUM	NA	NA	NA	NA	0	NA	NA	NA	AG	RECTUM
63	TCGA.AG.3901	RECTAL MUCINOUS ADENOCARCINOMA	FALSE	TRUE	FEMALE	-24502	NA	NA	FALSE	FALSE	01/01/2007	6TH	T3	N1	M0	S3B	R0	TRUE	20	2	NA	ALIVE	0	NA	WITH TUMOR	0.6	NA	NA	FALSE	TRUE	NA	NA	NA	NA	FALSE	NA	FALSE	NA	NA	FALSE	NA	FALSE	FALSE	NA	NA	NA	FALSE	NA	NA	NA	NA	67	RECTUM	NA	NA	NA	NA	0	NA	NA	NA	AG	RECTUM
64	TCGA.AG.3902	RECTAL ADENOCARCINOMA	FALSE	TRUE	MALE	-22492	NA	NA	FALSE	FALSE	01/01/2007	6TH	T3	N0	M0	S2A	R0	TRUE	17	0	NA	ALIVE	0	NA	WITH TUMOR	8.14	NA	NA	FALSE	FALSE	NA	NA	NA	NA	FALSE	NA	FALSE	NA	NA	FALSE	NA	FALSE	TRUE	NA	NA	NA	FALSE	NA	NA	NA	NA	61	RECTUM	NA	NA	NA	NA	0	NA	NA	NA	AG	RECTUM
65	TCGA.AG.3906	RECTAL ADENOCARCINOMA	FALSE	TRUE	FEMALE	-24806	NA	NA	FALSE	FALSE	01/01/2008	6TH	T2	N0	M0	S1	R0	TRUE	26	0	NA	ALIVE	0	NA	WITH TUMOR	2.4	NA	NA	FALSE	FALSE	NA	NA	NA	NA	FALSE	NA	FALSE	NA	NA	FALSE	NA	FALSE	FALSE	NA	NA	NA	FALSE	NA	NA	NA	NA	67	RECTUM	NA	NA	NA	NA	0	NA	NA	NA	AG	RECTUM
66	TCGA.AG.3909	RECTAL ADENOCARCINOMA	FALSE	TRUE	FEMALE	-25537	NA	NA	FALSE	FALSE	01/01/2008	6TH	T3	N1	M0	S3B	R0	TRUE	35	3	NA	ALIVE	0	NA	WITH TUMOR	NA	NA	NA	FALSE	TRUE	NA	NA	NA	NA	FALSE	NA	FALSE	NA	NA	FALSE	NA	FALSE	FALSE	FALSE	NA	NA	NA	NA	NA	NA	NA	69	RECTUM	NA	NA	NA	NA	0	NA	NA	NA	AG	RECTUM
67	TCGA.AG.3999	RECTAL ADENOCARCINOMA	FALSE	TRUE	FEMALE	-22311	NA	NA	FALSE	FALSE	01/01/2008	6TH	T3	N2	M0	S3C	R0	TRUE	32	20	NA	ALIVE	31	NA	WITH TUMOR	9.67	NA	5	TRUE	TRUE	NA	NA	NA	NA	FALSE	NA	FALSE	NA	NA	FALSE	NA	FALSE	FALSE	FALSE	NA	NA	FALSE	NA	NA	NA	NA	61	RECTUM	NA	NA	NA	NA	0	NA	NA	NA	AG	RECTUM
68	TCGA.AG.4001	RECTAL ADENOCARCINOMA	FALSE	TRUE	FEMALE	-27302	NA	NA	FALSE	FALSE	01/01/2009	6TH	T3	N0	M0	S2A	R0	TRUE	29	0	NA	ALIVE	31	NA	WITH TUMOR	NA	NA	NA	FALSE	FALSE	NA	NA	NA	NA	FALSE	NA	FALSE	NA	NA	FALSE	NA	FALSE	FALSE	NA	NA	NA	FALSE	NA	NA	NA	NA	74	RECTUM	NA	NA	NA	NA	0	NA	NA	NA	AG	RECTUM
69	TCGA.AG.4005	RECTAL ADENOCARCINOMA	FALSE	TRUE	MALE	-23407	NA	NA	FALSE	FALSE	01/01/2007	6TH	T3	N2	M1	S4	R0	TRUE	40	7	NA	ALIVE	0	NA	WITH TUMOR	31.52	NA	6	TRUE	TRUE	NA	NA	NA	NA	FALSE	NA	FALSE	NA	NA	FALSE	NA	FALSE	FALSE	NA	NA	NA	FALSE	NA	NA	NA	NA	64	RECTUM	NA	NA	NA	NA	0	NA	NA	NA	AG	RECTUM
70	TCGA.AG.4007	RECTAL ADENOCARCINOMA	FALSE	TRUE	MALE	-31776	NA	NA	FALSE	FALSE	01/01/2007	6TH	T4	N2	M1	S4	R2	TRUE	34	5	NA	ALIVE	31	NA	WITH TUMOR	3.65	NA	2	FALSE	TRUE	NA	NA	NA	NA	FALSE	NA	FALSE	NA	NA	FALSE	NA	FALSE	FALSE	NA	NA	NA	FALSE	NA	NA	NA	NA	87	RECTUM	NA	NA	NA	NA	0	NA	NA	NA	AG	RECTUM
71	TCGA.AG.4008	RECTAL ADENOCARCINOMA	FALSE	TRUE	MALE	-23192	NA	NA	TRUE	FALSE	01/01/2008	6TH	T3	N0	M0	S2A	R0	TRUE	15	0	NA	ALIVE	31	NA	WITH TUMOR	NA	NA	NA	TRUE	TRUE	NA	NA	NA	NA	FALSE	NA	FALSE	NA	NA	FALSE	NA	FALSE	FALSE	NA	NA	NA	FALSE	NA	NA	NA	NA	63	RECTUM	NA	NA	NA	NA	0	NA	NA	NA	AG	RECTUM
72	TCGA.AG.4009	RECTAL ADENOCARCINOMA	FALSE	TRUE	MALE	-30559	NA	NA	FALSE	FALSE	01/01/2009	6TH	T2	N0	M0	S1	R0	TRUE	16	0	NA	ALIVE	30	NA	WITH TUMOR	NA	NA	NA	TRUE	TRUE	NA	NA	NA	NA	FALSE	NA	FALSE	NA	NA	FALSE	NA	FALSE	TRUE	NA	NA	NA	FALSE	NA	NA	NA	NA	83	RECTUM	NA	NA	NA	NA	0	NA	NA	NA	AG	RECTUM
73	TCGA.AG.4015	RECTAL ADENOCARCINOMA	FALSE	TRUE	FEMALE	-31291	NA	NA	FALSE	FALSE	01/01/2009	6TH	T3	N0	M0	S2A	R0	TRUE	24	0	NA	ALIVE	0	NA	WITH TUMOR	NA	NA	NA	FALSE	TRUE	NA	NA	NA	NA	FALSE	NA	FALSE	NA	NA	FALSE	NA	FALSE	FALSE	NA	NA	NA	FALSE	NA	NA	NA	NA	85	RECTUM	NA	NA	NA	NA	0	NA	NA	NA	AG	RECTUM
74	TCGA.AG.4021	RECTAL ADENOCARCINOMA	FALSE	TRUE	FEMALE	-31015	NA	NA	FALSE	FALSE	01/01/2005	5TH	T3	N2	M1	S4	R2	TRUE	17	5	NA	ALIVE	0	NA	WITH TUMOR	3101	NA	NA	TRUE	TRUE	NA	NA	NA	NA	FALSE	NA	FALSE	NA	NA	TRUE	NA	FALSE	TRUE	NA	NA	NA	FALSE	NA	NA	NA	NA	84	RECTUM	NA	NA	NA	NA	0	NA	NA	NA	AG	RECTUM
75	TCGA.AG.4022	RECTAL ADENOCARCINOMA	FALSE	TRUE	FEMALE	-21823	NA	NA	FALSE	FALSE	01/01/2006	5TH	T3	N0	M0	S2	R0	TRUE	12	0	NA	ALIVE	30	NA	WITH TUMOR	1.03	NA	NA	TRUE	TRUE	NA	NA	NA	NA	FALSE	NA	FALSE	NA	NA	FALSE	NA	FALSE	FALSE	NA	NA	NA	FALSE	NA	NA	NA	NA	59	RECTUM	NA	NA	NA	NA	0	NA	NA	NA	AG	RECTUM
76	TCGA.AG.A002	RECTAL ADENOCARCINOMA	FALSE	TRUE	MALE	-13090	NA	NA	FALSE	FALSE	01/01/2009	6TH	T2	N0	M0	S1	R0	TRUE	34	0	NA	ALIVE	31	NA	WITH TUMOR	NA	NA	NA	NA	NA	NA	NA	NA	NA	FALSE	NA	FALSE	NA	NA	FALSE	NA	FALSE	FALSE	NA	NA	NA	FALSE	NA	NA	NA	NA	35	RECTUM	NA	NA	NA	NA	0	NA	NA	NA	AG	RECTUM
77	TCGA.AG.A008	RECTAL MUCINOUS ADENOCARCINOMA	FALSE	TRUE	FEMALE	-18416	NA	NA	FALSE	FALSE	01/01/2009	6TH	T2	N0	M0	S1	R0	TRUE	28	0	NA	ALIVE	0	NA	WITH TUMOR	NA	NA	NA	FALSE	FALSE	NA	NA	NA	NA	FALSE	NA	FALSE	NA	NA	FALSE	NA	FALSE	TRUE	NA	NA	NA	FALSE	NA	NA	NA	NA	50	RECTUM	NA	NA	NA	NA	0	NA	NA	NA	AG	RECTUM
78	TCGA.AG.A00C	RECTAL ADENOCARCINOMA	FALSE	TRUE	FEMALE	-18201	NA	NA	FALSE	FALSE	01/01/2007	6TH	T3	N1	M0	S3B	R0	TRUE	24	1	NA	ALIVE	0	NA	WITH TUMOR	4.31	NA	6	FALSE	TRUE	NA	NA	NA	NA	FALSE	NA	FALSE	NA	NA	FALSE	NA	FALSE	FALSE	NA	NA	NA	FALSE	NA	NA	NA	NA	49	RECTUM	NA	NA	NA	NA	0	NA	NA	NA	AG	RECTUM
79	TCGA.AG.A00H	RECTAL ADENOCARCINOMA	FALSE	TRUE	MALE	-27485	NA	NA	TRUE	FALSE	01/01/2008	6TH	T3	N0	M0	S2A	R0	TRUE	32	0	NA	ALIVE	29	NA	WITH TUMOR	1.5	NA	10	FALSE	FALSE	NA	NA	NA	NA	FALSE	NA	FALSE	NA	NA	FALSE	NA	FALSE	FALSE	NA	NA	NA	FALSE	NA	NA	NA	NA	75	RECTUM	NA	NA	NA	NA	0	NA	NA	NA	AG	RECTUM
80	TCGA.AG.A00Y	RECTAL ADENOCARCINOMA	FALSE	TRUE	MALE	-24837	NA	NA	FALSE	FALSE	01/01/2008	6TH	T3	N0	M0	S2A	R0	TRUE	31	0	NA	ALIVE	0	NA	WITH TUMOR	4.21	NA	NA	FALSE	FALSE	NA	NA	NA	NA	FALSE	NA	FALSE	NA	NA	FALSE	NA	TRUE	TRUE	NA	NA	NA	FALSE	NA	NA	NA	NA	68	RECTUM	NA	NA	NA	NA	0	NA	NA	NA	AG	RECTUM
81	TCGA.AG.A011	RECTAL ADENOCARCINOMA	FALSE	TRUE	MALE	-29463	NA	NA	FALSE	FALSE	01/01/2009	6TH	T3	N0	M0	S2A	R0	TRUE	14	0	NA	ALIVE	0	NA	WITH TUMOR	NA	NA	1	FALSE	FALSE	NA	NA	NA	NA	FALSE	NA	FALSE	NA	NA	FALSE	NA	FALSE	FALSE	NA	NA	NA	FALSE	NA	NA	NA	NA	80	RECTUM	NA	NA	NA	NA	0	NA	NA	NA	AG	RECTUM
82	TCGA.AG.A014	RECTAL ADENOCARCINOMA	FALSE	TRUE	MALE	-31718	NA	NA	TRUE	FALSE	01/01/2009	6TH	T2	N0	M0	S1	R0	TRUE	15	0	NA	ALIVE	485	NA	WITH TUMOR	NA	NA	NA	FALSE	FALSE	NA	NA	NA	NA	FALSE	NA	FALSE	NA	NA	FALSE	NA	FALSE	FALSE	NA	NA	NA	FALSE	NA	NA	NA	NA	86	RECTUM	NA	NA	NA	NA	0	NA	NA	NA	AG	RECTUM
83	TCGA.AG.A015	RECTAL ADENOCARCINOMA	FALSE	TRUE	FEMALE	-23496	NA	NA	TRUE	FALSE	01/01/2009	6TH	T1	N0	M0	S1	R0	TRUE	18	0	NA	ALIVE	0	NA	WITH TUMOR	NA	NA	NA	FALSE	FALSE	NA	NA	NA	NA	FALSE	NA	FALSE	NA	NA	FALSE	NA	FALSE	TRUE	NA	NA	NA	TRUE	NA	NA	NA	NA	64	RECTUM	NA	NA	NA	NA	0	NA	NA	NA	AG	RECTUM
84	TCGA.AG.A016	RECTAL ADENOCARCINOMA	FALSE	TRUE	MALE	-20178	NA	NA	FALSE	FALSE	01/01/2009	6TH	T3	N2	M1	S4	R2	TRUE	19	4	NA	ALIVE	31	NA	WITH TUMOR	NA	NA	NA	FALSE	TRUE	NA	NA	NA	NA	FALSE	NA	FALSE	NA	NA	FALSE	NA	FALSE	FALSE	NA	NA	NA	FALSE	NA	NA	NA	NA	55	RECTUM	NA	NA	NA	NA	0	NA	NA	NA	AG	RECTUM
85	TCGA.AG.A01J	RECTAL ADENOCARCINOMA	FALSE	TRUE	FEMALE	-21581	NA	NA	FALSE	FALSE	01/01/2009	6TH	T3	N0	M0	S2A	R0	TRUE	23	0	NA	ALIVE	31	NA	WITH TUMOR	NA	NA	1	FALSE	FALSE	NA	NA	NA	NA	FALSE	NA	FALSE	NA	NA	FALSE	NA	FALSE	FALSE	NA	NA	NA	FALSE	NA	NA	NA	NA	59	RECTUM	NA	NA	NA	NA	0	NA	NA	NA	AG	RECTUM
86	TCGA.AG.A01L	RECTAL ADENOCARCINOMA	FALSE	TRUE	MALE	-21369	NA	NA	FALSE	FALSE	01/01/2009	6TH	T3	N1	M0	S3B	R0	TRUE	47	2	NA	ALIVE	0	NA	WITH TUMOR	NA	NA	NA	FALSE	TRUE	NA	NA	NA	NA	FALSE	NA	FALSE	NA	NA	FALSE	NA	FALSE	FALSE	NA	NA	NA	FALSE	NA	NA	NA	NA	58	RECTUM	NA	NA	NA	NA	0	NA	NA	NA	AG	RECTUM
87	TCGA.AG.A01N	RECTAL ADENOCARCINOMA	FALSE	TRUE	FEMALE	-25049	NA	NA	TRUE	FALSE	01/01/2009	6TH	T2	N0	M1	S4	R2	TRUE	23	0	NA	ALIVE	31	NA	WITH TUMOR	NA	NA	NA	FALSE	TRUE	NA	NA	NA	NA	FALSE	NA	FALSE	NA	NA	FALSE	NA	FALSE	TRUE	NA	NA	NA	FALSE	NA	NA	NA	NA	68	RECTUM	NA	NA	NA	NA	0	NA	NA	NA	AG	RECTUM
88	TCGA.AG.A01W	RECTAL ADENOCARCINOMA	FALSE	TRUE	FEMALE	-24745	NA	NA	FALSE	FALSE	01/01/2004	5TH	T3	N0	M0	S2	R0	TRUE	20	0	NA	ALIVE	0	NA	WITH TUMOR	2.07	NA	NA	TRUE	TRUE	NA	NA	NA	NA	FALSE	NA	FALSE	NA	NA	FALSE	NA	FALSE	FALSE	NA	NA	NA	NA	NA	NA	NA	NA	67	RECTUM	NA	NA	NA	NA	0	NA	NA	NA	AG	RECTUM
89	TCGA.AG.A01Y	RECTAL ADENOCARCINOMA	FALSE	TRUE	FEMALE	-18112	NA	NA	FALSE	FALSE	01/01/2004	5TH	T3	N0	M0	S2	R0	TRUE	17	0	NA	ALIVE	0	NA	WITH TUMOR	5.85	NA	NA	NA	TRUE	NA	NA	NA	NA	FALSE	NA	FALSE	NA	NA	FALSE	NA	FALSE	FALSE	NA	NA	NA	FALSE	NA	NA	NA	NA	49	RECTUM	NA	NA	NA	NA	0	NA	NA	NA	AG	RECTUM
90	TCGA.AG.A020	RECTAL MUCINOUS ADENOCARCINOMA	FALSE	TRUE	FEMALE	-20851	NA	NA	FALSE	FALSE	01/01/2005	5TH	T3	N1	M0	S3	R0	TRUE	12	1	NA	ALIVE	31	NA	WITH TUMOR	1.43	NA	NA	NA	TRUE	NA	NA	NA	NA	FALSE	NA	FALSE	NA	NA	FALSE	NA	FALSE	FALSE	NA	NA	NA	FALSE	NA	NA	NA	NA	57	RECTUM	NA	NA	NA	NA	0	NA	NA	NA	AG	RECTUM
91	TCGA.AG.A023	RECTAL ADENOCARCINOMA	FALSE	TRUE	FEMALE	-22830	NA	NA	TRUE	FALSE	01/01/2005	5TH	T4	N2	M1	S4	R2	TRUE	12	6	NA	ALIVE	61	NA	WITH TUMOR	1.88	NA	NA	TRUE	TRUE	NA	NA	NA	NA	FALSE	NA	FALSE	NA	NA	FALSE	NA	FALSE	FALSE	NA	NA	NA	TRUE	NA	NA	NA	NA	62	RECTUM	NA	NA	NA	NA	0	NA	NA	NA	AG	RECTUM
92	TCGA.AG.A025	RECTAL ADENOCARCINOMA	FALSE	TRUE	FEMALE	-22952	NA	NA	FALSE	FALSE	01/01/2006	5TH	T1	N0	M0	S1	R0	TRUE	11	0	NA	ALIVE	1520	NA	WITH TUMOR	0.75	NA	NA	NA	NA	NA	NA	NA	NA	FALSE	NA	FALSE	NA	NA	FALSE	NA	FALSE	FALSE	NA	NA	NA	FALSE	NA	NA	NA	NA	62	RECTUM	NA	NA	NA	NA	0	NA	NA	NA	AG	RECTUM
93	TCGA.AG.A026	RECTAL ADENOCARCINOMA	FALSE	TRUE	MALE	-24413	NA	NA	FALSE	FALSE	01/01/2006	5TH	T4	N0	M0	S2	R1	TRUE	15	0	NA	DEAD	NA	59	WITH TUMOR	9.65	NA	NA	TRUE	TRUE	NA	NA	NA	NA	FALSE	NA	FALSE	NA	NA	FALSE	NA	FALSE	FALSE	NA	NA	NA	FALSE	NA	NA	NA	NA	66	RECTUM	NA	NA	NA	NA	0	NA	NA	NA	AG	RECTUM
94	TCGA.AG.A02G	RECTAL ADENOCARCINOMA	FALSE	TRUE	MALE	-24259	NA	NA	FALSE	FALSE	01/01/2007	6TH	T2	N1	M1	S4	R2	TRUE	16	3	NA	ALIVE	0	NA	WITH TUMOR	2.32	NA	NA	TRUE	TRUE	NA	NA	NA	NA	FALSE	NA	FALSE	NA	NA	FALSE	NA	FALSE	FALSE	NA	NA	NA	FALSE	NA	NA	NA	NA	66	RECTUM	NA	NA	NA	NA	0	NA	NA	NA	AG	RECTUM
95	TCGA.AG.A02N	RECTAL ADENOCARCINOMA	FALSE	TRUE	MALE	-24687	NA	NA	FALSE	FALSE	01/01/2005	5TH	T3	N0	M0	S2	R0	TRUE	12	0	NA	ALIVE	1885	NA	WITH TUMOR	2.07	NA	NA	NA	TRUE	NA	NA	NA	NA	FALSE	NA	FALSE	NA	NA	FALSE	NA	FALSE	FALSE	NA	NA	NA	FALSE	NA	NA	NA	NA	67	RECTUM	NA	NA	NA	NA	0	NA	NA	NA	AG	RECTUM
96	TCGA.AG.A02X	RECTAL ADENOCARCINOMA	FALSE	TRUE	MALE	-28399	NA	NA	FALSE	FALSE	01/01/2007	6TH	T2	N0	M0	S1	R0	TRUE	15	0	NA	ALIVE	1247	NA	WITH TUMOR	8.14	NA	NA	TRUE	TRUE	NA	NA	NA	NA	FALSE	NA	FALSE	NA	NA	FALSE	NA	FALSE	FALSE	NA	NA	NA	FALSE	NA	NA	NA	NA	77	RECTUM	NA	NA	NA	NA	0	NA	NA	NA	AG	RECTUM
97	TCGA.AG.A032	RECTAL ADENOCARCINOMA	FALSE	TRUE	MALE	-24865	NA	NA	FALSE	FALSE	01/01/2007	6TH	T3	N1	M0	S3B	R0	TRUE	16	2	NA	ALIVE	31	NA	WITH TUMOR	7.77	NA	NA	TRUE	TRUE	NA	NA	NA	NA	FALSE	NA	FALSE	NA	NA	FALSE	NA	FALSE	FALSE	NA	NA	NA	FALSE	NA	NA	NA	NA	68	RECTUM	NA	NA	NA	NA	0	NA	NA	NA	AG	RECTUM
98	TCGA.AG.A036	RECTAL ADENOCARCINOMA	FALSE	TRUE	MALE	-26206	NA	NA	FALSE	FALSE	01/01/2002	5TH	T3	N2	M0	S3	R0	TRUE	30	18	NA	ALIVE	31	NA	WITH TUMOR	2.2	NA	1	NA	NA	NA	NA	NA	NA	FALSE	NA	FALSE	NA	NA	FALSE	NA	FALSE	FALSE	NA	NA	NA	FALSE	NA	NA	NA	NA	71	RECTUM	NA	NA	NA	NA	0	NA	NA	NA	AG	RECTUM
99	TCGA.AH.6544	RECTAL ADENOCARCINOMA	FALSE	TRUE	MALE	-21977	WHITE	NA	FALSE	FALSE	01/01/2010	7TH	T3	N1	M1	NA	NA	TRUE	20	3	NA	ALIVE	15	NA	WITH TUMOR	2497.4	NA	6	NA	NA	NA	FALSE	5	0	FALSE	NA	TRUE	TRUE	12	FALSE	NA	NA	TRUE	NA	91	177.8	FALSE	NA	NA	NA	NA	60	RECTOSIGMOID JUNCTION	NA	NA	NA	NA	0	NA	NA	NA	AH	RECTUM
100	TCGA.AH.6547	RECTAL ADENOCARCINOMA	FALSE	TRUE	FEMALE	-29030	WHITE	NA	FALSE	FALSE	01/01/2010	7TH	T3	N0	MX	NA	NA	TRUE	21	0	NA	ALIVE	44	NA	TUMOR FREE	NA	NA	22	FALSE	FALSE	NA	NA	NA	NA	FALSE	NA	FALSE	NA	NA	FALSE	NA	NA	TRUE	TRUE	NA	NA	FALSE	NA	NA	NA	NA	79	RECTOSIGMOID JUNCTION	NA	NA	NA	NA	0	NA	NA	NA	AH	RECTUM
101	TCGA.AH.6549	RECTAL ADENOCARCINOMA	FALSE	TRUE	MALE	-24337	WHITE	NA	FALSE	FALSE	01/01/2010	7TH	T3	NX	MX	NA	RX	FALSE	NA	NA	NA	ALIVE	6	NA	NA	1.8	NA	10	NA	NA	NA	NA	NA	NA	NA	NA	NA	NA	NA	NA	NA	NA	TRUE	TRUE	NA	NA	FALSE	NA	NA	NA	NA	66	RECTUM	NA	NA	NA	NA	0	NA	NA	NA	AH	RECTUM
102	TCGA.AH.6643	RECTAL ADENOCARCINOMA	FALSE	TRUE	MALE	-18273	WHITE	NA	FALSE	FALSE	01/01/2010	7TH	T3	N2B	M0	S3C	R0	TRUE	15	8	NA	ALIVE	21	NA	TUMOR FREE	NA	TRUE	4	FALSE	FALSE	FALSE	NA	NA	NA	FALSE	NA	FALSE	NA	NA	FALSE	NA	FALSE	FALSE	FALSE	84.4	180.5	FALSE	NA	NA	NA	NA	50	RECTOSIGMOID JUNCTION	NA	NA	NA	NA	0	NA	NA	NA	AH	RECTUM
103	TCGA.AH.6644	RECTAL ADENOCARCINOMA	FALSE	TRUE	MALE	-26892	WHITE	NA	FALSE	FALSE	01/01/2010	7TH	T3	NX	MX	NA	NA	TRUE	15	0	NA	ALIVE	22	NA	TUMOR FREE	NA	NA	30	FALSE	FALSE	NA	NA	NA	NA	NA	NA	NA	NA	NA	NA	NA	NA	TRUE	FALSE	NA	NA	FALSE	NA	NA	NA	NA	73	RECTOSIGMOID JUNCTION	NA	NA	NA	NA	0	NA	NA	NA	AH	RECTUM
104	TCGA.AH.6897	RECTAL ADENOCARCINOMA	FALSE	TRUE	MALE	-17536	WHITE	NOT HISPANIC OR LATINO	FALSE	FALSE	01/01/2010	7TH	T2	N0	M0	S1	R0	TRUE	14	0	NA	ALIVE	140	NA	TUMOR FREE	1.23	FALSE	30	FALSE	FALSE	FALSE	FALSE	NA	NA	FALSE	NA	NA	NA	NA	NA	NA	FALSE	FALSE	FALSE	86.4	180.5	FALSE	NA	NA	NA	NA	48	RECTOSIGMOID JUNCTION	NA	NA	NA	NA	0	NA	NA	NA	AH	RECTUM
105	TCGA.AH.6903	RECTAL MUCINOUS ADENOCARCINOMA	TRUE	FALSE	MALE	-17030	WHITE	NOT HISPANIC OR LATINO	FALSE	FALSE	01/01/2010	7TH	T3	N1B	M0	S3B	R0	TRUE	18	3	0	ALIVE	55	NA	TUMOR FREE	3.51	FALSE	45	FALSE	FALSE	FALSE	NA	NA	NA	FALSE	NA	FALSE	NA	NA	FALSE	NA	FALSE	FALSE	FALSE	74.8	183	FALSE	NA	NA	NA	NA	46	RECTOSIGMOID JUNCTION	NA	NA	NA	NA	0	NA	NA	NA	AH	RECTUM
106	TCGA.BM.6198	RECTAL ADENOCARCINOMA	TRUE	FALSE	MALE	-26837	WHITE	NOT HISPANIC OR LATINO	TRUE	FALSE	01/01/2010	NA	T3	N1	NA	S3B	R0	TRUE	11	0	NA	ALIVE	310	NA	NA	81.3	FALSE	NA	FALSE	FALSE	FALSE	NA	NA	NA	FALSE	NA	FALSE	NA	NA	FALSE	NA	FALSE	FALSE	FALSE	119	NA	FALSE	NA	NA	NA	NA	73	RECTUM	NA	NA	NA	NA	0	NA	NA	NA	BM	RECTUM
107	TCGA.CI.6619	RECTAL ADENOCARCINOMA	FALSE	TRUE	MALE	-15322	WHITE	NOT HISPANIC OR LATINO	FALSE	FALSE	01/01/2010	7TH	T3	N1C	M1	S4	NA	NA	NA	NA	NA	ALIVE	184	NA	NA	52.7	NA	NA	NA	NA	NA	NA	NA	NA	NA	NA	NA	NA	NA	NA	NA	NA	NA	NA	NA	NA	NA	NA	NA	NA	NA	41	RECTUM	NA	NA	NA	NA	0	NA	NA	NA	CI	RECTUM
108	TCGA.CI.6620	RECTAL ADENOCARCINOMA	FALSE	TRUE	FEMALE	-15322	WHITE	NOT HISPANIC OR LATINO	FALSE	TRUE	01/01/2010	7TH	T3	N1	M1	S4A	NA	NA	NA	NA	NA	ALIVE	184	NA	WITH TUMOR	NA	NA	NA	NA	NA	NA	NA	NA	NA	NA	NA	NA	NA	NA	NA	NA	NA	NA	NA	NA	NA	NA	NA	NA	NA	NA	41	RECTUM	NA	NA	NA	NA	0	NA	NA	NA	CI	RECTUM
109	TCGA.CI.6621	RECTAL ADENOCARCINOMA	FALSE	TRUE	MALE	-23240	WHITE	NOT HISPANIC OR LATINO	FALSE	FALSE	01/01/2010	7TH	T3	N1	MX	S3B	NA	TRUE	2	0	NA	ALIVE	0	NA	NA	NA	NA	NA	NA	NA	NA	NA	NA	NA	NA	NA	NA	NA	NA	NA	NA	NA	NA	NA	NA	NA	NA	NA	NA	NA	NA	63	RECTUM	NA	NA	NA	NA	0	NA	NA	NA	CI	RECTUM
110	TCGA.CI.6622	RECTAL ADENOCARCINOMA	FALSE	TRUE	MALE	-27336	WHITE	NOT HISPANIC OR LATINO	FALSE	FALSE	01/01/2010	7TH	T4	N0	M0	S2B	NA	TRUE	24	0	NA	ALIVE	212	NA	TUMOR FREE	NA	NA	NA	TRUE	TRUE	TRUE	NA	NA	NA	NA	NA	NA	NA	NA	NA	NA	NA	NA	NA	NA	NA	NA	NA	NA	NA	NA	74	RECTUM	NA	NA	NA	NA	0	NA	NA	NA	CI	RECTUM
111	TCGA.CI.6623	RECTAL ADENOCARCINOMA	FALSE	TRUE	MALE	-16177	WHITE	NOT HISPANIC OR LATINO	FALSE	FALSE	01/01/2011	7TH	T1	N0	M0	S1	NA	NA	NA	NA	NA	ALIVE	285	NA	TUMOR FREE	5.9	NA	NA	FALSE	FALSE	FALSE	NA	NA	NA	NA	NA	NA	NA	NA	NA	NA	NA	NA	NA	NA	NA	NA	NA	NA	NA	NA	44	RECTUM	NA	NA	NA	NA	0	NA	NA	NA	CI	RECTUM
112	TCGA.CI.6624	RECTAL ADENOCARCINOMA	FALSE	TRUE	FEMALE	-19419	WHITE	NOT HISPANIC OR LATINO	FALSE	FALSE	01/01/2011	7TH	T2	N0	M0	S1	NA	NA	NA	NA	NA	ALIVE	144	NA	NA	7	NA	NA	FALSE	FALSE	FALSE	NA	NA	NA	NA	NA	NA	NA	NA	NA	NA	NA	NA	NA	NA	NA	NA	NA	NA	NA	NA	53	RECTOSIGMOID JUNCTION	NA	NA	NA	NA	0	NA	NA	NA	CI	RECTUM
113	TCGA.CL.4957	RECTAL ADENOCARCINOMA	NA	NA	FEMALE	-29081	NA	HISPANIC OR LATINO	FALSE	FALSE	01/01/2008	NA	T3	N1	M0	NA	NA	TRUE	14	2	0	ALIVE	425	NA	NA	NA	NA	NA	NA	NA	NA	NA	NA	NA	NA	NA	NA	NA	NA	NA	NA	NA	NA	NA	NA	NA	NA	NA	NA	NA	NA	79	NA	NA	NA	NA	NA	0	NA	NA	NA	CL	RECTUM
114	TCGA.CL.5917	RECTAL ADENOCARCINOMA	NA	NA	FEMALE	-26084	WHITE	NOT HISPANIC OR LATINO	FALSE	FALSE	01/01/2006	6TH	T3	N2	MX	S3C	RX	NA	NA	NA	NA	ALIVE	1826	NA	TUMOR FREE	0.6	FALSE	30	TRUE	TRUE	TRUE	NA	NA	NA	NA	NA	FALSE	NA	NA	FALSE	NA	FALSE	TRUE	TRUE	NA	NA	NA	NA	NA	NA	NA	71	RECTOSIGMOID JUNCTION	NA	NA	NA	NA	0	NA	NA	NA	CL	RECTUM
115	TCGA.CL.5918	RECTAL ADENOCARCINOMA	NA	NA	FEMALE	-32873	WHITE	NOT HISPANIC OR LATINO	FALSE	FALSE	01/01/2008	6TH	T3	N0	MX	S2A	RX	NA	NA	NA	NA	ALIVE	218	NA	TUMOR FREE	2.2	FALSE	6	FALSE	FALSE	FALSE	NA	NA	NA	NA	NA	FALSE	NA	NA	FALSE	NA	FALSE	FALSE	FALSE	NA	NA	NA	NA	NA	NA	NA	90	RECTOSIGMOID JUNCTION	NA	NA	NA	NA	0	NA	NA	NA	CL	RECTUM
116	TCGA.DC.4745	RECTAL ADENOCARCINOMA	FALSE	TRUE	FEMALE	-17958	WHITE	NOT HISPANIC OR LATINO	FALSE	FALSE	01/01/2010	7TH	T3	N1A	M0	S3B	R0	TRUE	22	1	NA	ALIVE	334	NA	NA	1.6	FALSE	30	FALSE	FALSE	FALSE	NA	NA	NA	TRUE	MLH1-NOT EXPRESSED|MSH2-NOT EXPRESSED|PMS2-NOT EXPRESSED|MSH6-NOT EXPRESSED	FALSE	NA	NA	FALSE	NA	FALSE	TRUE	FALSE	93.8	165	TRUE	NA	NA	NA	NA	49	RECTOSIGMOID JUNCTION	NA	NA	NA	NA	0	NA	NA	NA	DC	RECTUM
117	TCGA.DC.4749	RECTAL ADENOCARCINOMA	FALSE	TRUE	MALE	-21092	WHITE	NOT HISPANIC OR LATINO	FALSE	FALSE	01/01/2010	7TH	T2	N0	M0	S1	R0	TRUE	16	0	NA	ALIVE	335	NA	TUMOR FREE	1.3	FALSE	NA	TRUE	TRUE	FALSE	NA	NA	NA	FALSE	NA	FALSE	NA	NA	FALSE	NA	FALSE	FALSE	FALSE	87.1	179	FALSE	NA	NA	NA	NA	57	RECTOSIGMOID JUNCTION	NA	NA	NA	NA	0	NA	NA	NA	DC	RECTUM
118	TCGA.DC.5337	RECTAL ADENOCARCINOMA	TRUE	FALSE	MALE	-25202	WHITE	NOT HISPANIC OR LATINO	FALSE	FALSE	01/01/2010	7TH	T1	N0	M0	S1	R0	TRUE	18	0	NA	ALIVE	304	NA	TUMOR FREE	2	FALSE	35	FALSE	FALSE	FALSE	NA	NA	NA	FALSE	NA	FALSE	NA	NA	FALSE	NA	FALSE	FALSE	FALSE	69.4	165	FALSE	NA	NA	NA	NA	69	RECTOSIGMOID JUNCTION	NA	NA	NA	NA	0	NA	NA	NA	DC	RECTUM
119	TCGA.DC.5869	RECTAL ADENOCARCINOMA	TRUE	FALSE	FEMALE	-22676	BLACK OR AFRICAN AMERICAN	NOT HISPANIC OR LATINO	FALSE	FALSE	01/01/2010	7TH	T3	N1A	M0	S3B	R0	TRUE	19	1	NA	ALIVE	153	NA	TUMOR FREE	3.6	FALSE	14	FALSE	FALSE	FALSE	NA	NA	NA	FALSE	NA	FALSE	NA	NA	FALSE	NA	FALSE	FALSE	FALSE	62.4	170	FALSE	NA	NA	NA	NA	62	RECTUM	NA	NA	NA	NA	0	NA	NA	NA	DC	RECTUM
120	TCGA.DC.6154	RECTAL ADENOCARCINOMA	TRUE	FALSE	FEMALE	-21093	WHITE	NOT HISPANIC OR LATINO	FALSE	FALSE	01/01/2010	7TH	T4A	N2B	M1	S4A	R0	TRUE	39	8	NA	ALIVE	273	NA	TUMOR FREE	16.3	FALSE	18	TRUE	TRUE	TRUE	NA	NA	NA	FALSE	NA	FALSE	NA	NA	FALSE	NA	FALSE	FALSE	FALSE	59.4	162	FALSE	NA	NA	NA	NA	57	RECTOSIGMOID JUNCTION	NA	NA	NA	NA	0	NA	NA	NA	DC	RECTUM
121	TCGA.DC.6155	RECTAL ADENOCARCINOMA	TRUE	FALSE	FEMALE	-11381	WHITE	NOT HISPANIC OR LATINO	FALSE	FALSE	01/01/2010	7TH	T2	N1B	M0	S3A	R0	TRUE	31	3	NA	ALIVE	225	NA	TUMOR FREE	1.3	FALSE	15	TRUE	FALSE	FALSE	NA	NA	NA	TRUE	NA	FALSE	NA	NA	FALSE	NA	FALSE	FALSE	FALSE	55.3	163	TRUE	NA	NA	NA	NA	31	RECTOSIGMOID JUNCTION	NA	NA	NA	NA	0	NA	NA	NA	DC	RECTUM
122	TCGA.DC.6156	RECTAL ADENOCARCINOMA	TRUE	FALSE	MALE	-22706	WHITE	NOT HISPANIC OR LATINO	FALSE	FALSE	01/01/2010	7TH	T4A	N2B	M1A	S4A	R0	TRUE	22	7	NA	ALIVE	212	NA	NA	129.7	FALSE	5	TRUE	TRUE	TRUE	NA	NA	NA	FALSE	NA	TRUE	FALSE	NA	FALSE	NA	FALSE	FALSE	FALSE	86.1	175	TRUE	NA	NA	NA	NA	62	RECTOSIGMOID JUNCTION	NA	NA	NA	NA	0	NA	NA	NA	DC	RECTUM
123	TCGA.DC.6157	RECTAL ADENOCARCINOMA	FALSE	TRUE	MALE	-17807	BLACK OR AFRICAN AMERICAN	NOT HISPANIC OR LATINO	FALSE	FALSE	01/01/2009	6TH	T2	N0	M0	S1	R0	TRUE	21	0	NA	ALIVE	850	NA	TUMOR FREE	2.2	FALSE	3	FALSE	FALSE	FALSE	NA	NA	NA	FALSE	NA	FALSE	NA	NA	FALSE	NA	FALSE	FALSE	FALSE	116	185	TRUE	NA	NA	NA	NA	48	RECTOSIGMOID JUNCTION	NA	NA	NA	NA	0	NA	NA	NA	DC	RECTUM
124	TCGA.DC.6158	RECTAL ADENOCARCINOMA	TRUE	FALSE	MALE	-25842	WHITE	NOT HISPANIC OR LATINO	FALSE	FALSE	01/01/2010	7TH	T2	N0	M0	S1	R0	TRUE	1	0	NA	ALIVE	212	NA	TUMOR FREE	1.7	FALSE	2	TRUE	FALSE	TRUE	NA	NA	NA	FALSE	NA	FALSE	NA	NA	FALSE	NA	FALSE	FALSE	FALSE	71.7	160	FALSE	NA	NA	NA	NA	70	RECTUM	NA	NA	NA	NA	0	NA	NA	NA	DC	RECTUM
125	TCGA.DC.6160	RECTAL ADENOCARCINOMA	FALSE	TRUE	MALE	-24990	WHITE	NOT HISPANIC OR LATINO	FALSE	FALSE	01/01/2009	6TH	T2	N0	M0	S1	R0	TRUE	8	0	NA	ALIVE	608	NA	TUMOR FREE	5.2	FALSE	12	TRUE	FALSE	TRUE	NA	NA	NA	FALSE	NA	FALSE	NA	NA	FALSE	NA	FALSE	FALSE	TRUE	100.1	175.4	FALSE	NA	NA	NA	NA	68	RECTOSIGMOID JUNCTION	NA	NA	NA	NA	0	NA	NA	NA	DC	RECTUM
126	TCGA.DC.6681	RECTAL ADENOCARCINOMA	TRUE	FALSE	FEMALE	-25659	WHITE	NOT HISPANIC OR LATINO	FALSE	FALSE	01/01/2011	7TH	T3	N2A	M1A	S4A	R0	TRUE	24	7	NA	ALIVE	181	NA	TUMOR FREE	7.9	FALSE	15	TRUE	TRUE	TRUE	NA	NA	NA	FALSE	NA	TRUE	TRUE	12	TRUE	NORMAL	FALSE	FALSE	FALSE	63.1	151	FALSE	NA	NA	NA	NA	70	RECTOSIGMOID JUNCTION	NA	NA	NA	NA	0	NA	NA	NA	DC	RECTUM
127	TCGA.DC.6682	RECTAL ADENOCARCINOMA	TRUE	FALSE	MALE	-21062	WHITE	NOT HISPANIC OR LATINO	FALSE	FALSE	01/01/2011	7TH	T3	N0	M0	S2A	R0	TRUE	24	0	NA	ALIVE	122	NA	TUMOR FREE	13.8	FALSE	45	FALSE	FALSE	FALSE	NA	NA	NA	FALSE	NA	FALSE	NA	NA	FALSE	NA	FALSE	FALSE	FALSE	172.4	184	FALSE	NA	NA	NA	NA	57	RECTOSIGMOID JUNCTION	NA	NA	NA	NA	0	NA	NA	NA	DC	RECTUM
128	TCGA.DC.6683	RECTAL ADENOCARCINOMA	TRUE	FALSE	MALE	-15918	WHITE	NOT HISPANIC OR LATINO	FALSE	FALSE	01/01/2011	7TH	T3	N1B	M0	S3B	R0	TRUE	27	3	NA	ALIVE	153	NA	TUMOR FREE	11.1	FALSE	70	TRUE	FALSE	TRUE	NA	NA	NA	TRUE	MLH1-NOT EXPRESSED|MSH2-NOT EXPRESSED|PMS2-NOT EXPRESSED|MSH6-NOT EXPRESSED	FALSE	NA	NA	FALSE	NA	FALSE	FALSE	FALSE	82.6	183	FALSE	NA	NA	NA	NA	43	RECTOSIGMOID JUNCTION	NA	NA	NA	NA	0	NA	NA	NA	DC	RECTUM
129	TCGA.DT.5265	RECTAL MUCINOUS ADENOCARCINOMA	TRUE	FALSE	MALE	-18669	ASIAN	NOT HISPANIC OR LATINO	FALSE	FALSE	01/01/2010	6TH	T3	N0	M0	S2	RX	FALSE	NA	NA	NA	ALIVE	8	NA	TUMOR FREE	NA	NA	NA	NA	NA	NA	NA	NA	NA	NA	NA	NA	NA	NA	NA	NA	NA	NA	NA	NA	NA	NA	NA	NA	NA	NA	51	RECTUM	NA	NA	NA	NA	0	NA	NA	NA	DT	RECTUM
130	TCGA.DY.A0XA	RECTAL ADENOCARCINOMA	FALSE	TRUE	FEMALE	-21115	WHITE	NOT HISPANIC OR LATINO	FALSE	FALSE	01/01/2001	NA	T3	N0	M0	S2A	NA	TRUE	14	0	NA	ALIVE	3635	NA	NA	NA	NA	NA	FALSE	FALSE	NA	FALSE	6	0	NA	NA	TRUE	FALSE	NA	TRUE	NORMAL	FALSE	FALSE	NA	64	159	FALSE	NA	NA	NA	NA	57	RECTOSIGMOID JUNCTION	NA	NA	NA	NA	0	NA	NA	NA	DY	RECTUM
131	TCGA.DY.A1DC	RECTAL ADENOCARCINOMA	FALSE	TRUE	FEMALE	-26436	WHITE	NOT HISPANIC OR LATINO	FALSE	FALSE	01/01/2000	NA	T3	N0	M0	S2A	NA	TRUE	16	0	NA	DEAD	NA	1258	NA	NA	NA	NA	FALSE	FALSE	NA	FALSE	5	0	NA	NA	TRUE	FALSE	NA	TRUE	NORMAL	FALSE	NA	NA	68	NA	NA	NA	NA	NA	NA	72	RECTOSIGMOID JUNCTION	NA	NA	NA	NA	0	NA	NA	NA	DY	RECTUM
132	TCGA.DY.A1DD	RECTAL ADENOCARCINOMA	FALSE	TRUE	FEMALE	-28159	WHITE	NOT HISPANIC OR LATINO	FALSE	FALSE	01/01/1999	NA	T3	N1	M0	S3B	NA	TRUE	16	1	NA	DEAD	1741	1741	NA	NA	NA	NA	NA	NA	NA	FALSE	5	0	NA	NA	TRUE	FALSE	NA	TRUE	NORMAL	FALSE	NA	NA	42	156	FALSE	NA	NA	NA	NA	77	RECTOSIGMOID JUNCTION	NA	NA	NA	NA	0	NA	NA	NA	DY	RECTUM
133	TCGA.DY.A1DE	RECTAL ADENOCARCINOMA	FALSE	TRUE	FEMALE	-20504	WHITE	NOT HISPANIC OR LATINO	FALSE	FALSE	01/01/2001	NA	T3	N0	M0	S2A	NA	TRUE	14	0	NA	ALIVE	3667	NA	NA	NA	NA	NA	FALSE	FALSE	NA	FALSE	5	0	NA	NA	TRUE	TRUE	61	TRUE	NORMAL	FALSE	FALSE	NA	70	160	FALSE	NA	NA	NA	NA	56	RECTUM	NA	NA	NA	NA	0	NA	NA	NA	DY	RECTUM
134	TCGA.DY.A1DF	RECTAL ADENOCARCINOMA	FALSE	TRUE	FEMALE	-26763	WHITE	NOT HISPANIC OR LATINO	FALSE	FALSE	01/01/2001	NA	T3	N2	M0	S3C	NA	TRUE	15	5	NA	DEAD	734	734	NA	NA	NA	NA	NA	NA	NA	FALSE	5	0	NA	NA	TRUE	TRUE	13	TRUE	NORMAL	FALSE	NA	NA	75	156	FALSE	NA	NA	NA	NA	73	RECTOSIGMOID JUNCTION	NA	NA	NA	NA	0	NA	NA	NA	DY	RECTUM
135	TCGA.DY.A1DG	RECTAL ADENOCARCINOMA	FALSE	TRUE	MALE	-27396	WHITE	NOT HISPANIC OR LATINO	FALSE	FALSE	01/01/2000	NA	T3	N1	M1	S4A	NA	TRUE	8	2	NA	DEAD	NA	1566	NA	NA	NA	NA	NA	NA	NA	FALSE	5	0	NA	NA	TRUE	FALSE	NA	TRUE	NORMAL	FALSE	FALSE	TRUE	86	175	FALSE	NA	NA	NA	NA	75	RECTUM	NA	NA	NA	NA	0	NA	NA	NA	DY	RECTUM
136	TCGA.DY.A1H8	RECTAL ADENOCARCINOMA	FALSE	TRUE	FEMALE	-28459	WHITE	NOT HISPANIC OR LATINO	FALSE	FALSE	01/01/2000	NA	T2	N1	M0	S3A	NA	TRUE	7	1	NA	DEAD	992	992	NA	NA	NA	NA	NA	NA	NA	NA	0	0	NA	NA	TRUE	TRUE	12	FALSE	NA	FALSE	NA	NA	40	160	FALSE	NA	NA	NA	NA	77	RECTUM	NA	NA	NA	NA	0	NA	NA	NA	DY	RECTUM
137	TCGA.EF.5830	RECTAL ADENOCARCINOMA	FALSE	TRUE	MALE	-19802	WHITE	NOT HISPANIC OR LATINO	FALSE	FALSE	01/01/2010	7TH	T4A	N0	M0	S2B	R0	FALSE	NA	NA	NA	ALIVE	15	NA	TUMOR FREE	NA	FALSE	NA	FALSE	FALSE	FALSE	FALSE	NA	NA	FALSE	NA	FALSE	NA	NA	FALSE	NA	FALSE	FALSE	FALSE	93	182	TRUE	NA	NA	NA	NA	54	RECTUM	NA	NA	NA	NA	0	NA	NA	NA	EF	RECTUM
138	TCGA.EF.5831	RECTAL ADENOCARCINOMA	FALSE	TRUE	MALE	-26331	WHITE	NOT HISPANIC OR LATINO	FALSE	FALSE	01/01/2010	7TH	T3	N0	M0	S2A	R0	FALSE	NA	NA	NA	ALIVE	73	NA	TUMOR FREE	NA	NA	NA	NA	NA	NA	NA	NA	NA	NA	NA	FALSE	NA	NA	FALSE	NA	FALSE	NA	NA	60	162	NA	NA	NA	NA	NA	72	RECTUM	NA	NA	NA	NA	0	NA	NA	NA	EF	RECTUM
139	TCGA.EI.6506	RECTAL ADENOCARCINOMA	TRUE	FALSE	FEMALE	-28587	WHITE	NOT HISPANIC OR LATINO	FALSE	FALSE	01/01/2010	7TH	T3	N0	M0	S2A	R0	TRUE	19	0	NA	ALIVE	232	NA	TUMOR FREE	2.8	FALSE	23	FALSE	FALSE	TRUE	NA	NA	NA	NA	NA	FALSE	NA	NA	FALSE	NA	NA	FALSE	FALSE	65	162	FALSE	NA	NA	NA	NA	78	RECTOSIGMOID JUNCTION	NA	NA	NA	NA	0	NA	NA	NA	EI	RECTUM
140	TCGA.EI.6507	RECTAL ADENOCARCINOMA	TRUE	FALSE	MALE	-22176	WHITE	NOT HISPANIC OR LATINO	FALSE	FALSE	01/01/2010	7TH	T3	N0	M0	S2A	R0	TRUE	25	0	NA	ALIVE	5	NA	TUMOR FREE	10.7	FALSE	20	FALSE	FALSE	FALSE	NA	NA	NA	FALSE	NA	FALSE	NA	NA	FALSE	NA	FALSE	FALSE	FALSE	54	176	FALSE	NA	NA	NA	NA	60	RECTUM	NA	NA	NA	NA	0	NA	NA	NA	EI	RECTUM
141	TCGA.EI.6508	RECTAL ADENOCARCINOMA	TRUE	FALSE	FEMALE	-17827	WHITE	NOT HISPANIC OR LATINO	FALSE	FALSE	01/01/2010	7TH	T3	N1A	M0	S3B	R0	TRUE	15	1	NA	ALIVE	66	NA	TUMOR FREE	0.6	FALSE	12	FALSE	TRUE	TRUE	NA	NA	NA	NA	NA	FALSE	NA	NA	FALSE	NA	NA	NA	FALSE	66	159	TRUE	NA	NA	NA	NA	48	RECTOSIGMOID JUNCTION	NA	NA	NA	NA	0	NA	NA	NA	EI	RECTUM
142	TCGA.EI.6509	RECTAL ADENOCARCINOMA	TRUE	FALSE	MALE	-19666	WHITE	NOT HISPANIC OR LATINO	FALSE	FALSE	01/01/2010	7TH	T3	N2B	M0	S3C	R0	TRUE	10	7	0	ALIVE	250	NA	TUMOR FREE	2.8	FALSE	60	FALSE	TRUE	FALSE	NA	NA	NA	FALSE	NA	FALSE	NA	NA	FALSE	NA	FALSE	FALSE	FALSE	82	178	NA	NA	NA	NA	NA	53	RECTOSIGMOID JUNCTION	NA	NA	NA	NA	0	NA	NA	NA	EI	RECTUM
143	TCGA.EI.6510	RECTAL ADENOCARCINOMA	TRUE	FALSE	FEMALE	-28328	WHITE	NOT HISPANIC OR LATINO	FALSE	FALSE	01/01/2010	7TH	T2	N0	MX	NA	R0	TRUE	3	0	NA	ALIVE	14	NA	TUMOR FREE	11.2	TRUE	29	FALSE	FALSE	TRUE	NA	NA	NA	NA	NA	FALSE	NA	NA	FALSE	NA	NA	NA	FALSE	59	150	FALSE	NA	NA	NA	NA	77	RECTOSIGMOID JUNCTION	NA	NA	NA	NA	0	NA	NA	NA	EI	RECTUM
144	TCGA.EI.6511	RECTAL ADENOCARCINOMA	TRUE	FALSE	MALE	-19237	WHITE	NOT HISPANIC OR LATINO	FALSE	FALSE	01/01/2010	7TH	T3	N1	M0	S3B	R0	TRUE	18	4	NA	ALIVE	121	NA	TUMOR FREE	14.9	FALSE	NA	FALSE	TRUE	TRUE	NA	NA	NA	NA	NA	FALSE	NA	NA	FALSE	NA	NA	FALSE	TRUE	69	165	NA	NA	NA	NA	NA	52	RECTUM	NA	NA	NA	NA	0	NA	NA	NA	EI	RECTUM
145	TCGA.EI.6512	RECTAL ADENOCARCINOMA	TRUE	FALSE	FEMALE	-23537	WHITE	NOT HISPANIC OR LATINO	FALSE	FALSE	01/01/2010	7TH	T3	N1	M0	S3B	R0	TRUE	17	1	0	ALIVE	20	NA	TUMOR FREE	1	FALSE	NA	FALSE	FALSE	FALSE	NA	NA	NA	FALSE	NA	FALSE	NA	NA	FALSE	NA	FALSE	FALSE	FALSE	61	170	FALSE	NA	NA	NA	NA	64	RECTOSIGMOID JUNCTION	NA	NA	NA	NA	0	NA	NA	NA	EI	RECTUM
146	TCGA.EI.6513	RECTAL ADENOCARCINOMA	TRUE	FALSE	MALE	-21776	WHITE	NOT HISPANIC OR LATINO	FALSE	FALSE	01/01/2010	7TH	T3	N1	M0	S3B	R0	TRUE	13	2	0	ALIVE	210	NA	TUMOR FREE	1	FALSE	NA	FALSE	FALSE	FALSE	NA	NA	NA	FALSE	NA	FALSE	NA	NA	FALSE	NA	FALSE	FALSE	TRUE	78	175	FALSE	NA	NA	NA	NA	59	RECTOSIGMOID JUNCTION	NA	NA	NA	NA	0	NA	NA	NA	EI	RECTUM
147	TCGA.EI.6514	RECTAL ADENOCARCINOMA	TRUE	FALSE	FEMALE	-21618	WHITE	NOT HISPANIC OR LATINO	FALSE	FALSE	01/01/2010	7TH	T3	N0	M0	S2A	R0	TRUE	8	0	0	ALIVE	216	NA	TUMOR FREE	5.5	FALSE	NA	FALSE	FALSE	FALSE	NA	NA	NA	FALSE	NA	FALSE	NA	NA	FALSE	NA	NA	FALSE	FALSE	NA	NA	NA	NA	NA	NA	NA	59	SIGMOID COLON	NA	NA	NA	NA	0	NA	NA	NA	EI	RECTUM
148	TCGA.EI.6881	RECTAL ADENOCARCINOMA	TRUE	FALSE	MALE	-22057	WHITE	NOT HISPANIC OR LATINO	FALSE	FALSE	01/01/2010	6TH	T3	N1	M0	S3A	R0	TRUE	18	1	NA	ALIVE	188	NA	TUMOR FREE	60.3	FALSE	15	FALSE	FALSE	FALSE	FALSE	NA	NA	FALSE	NA	FALSE	NA	NA	FALSE	NA	NA	FALSE	FALSE	86	176	FALSE	NA	NA	NA	NA	60	RECTOSIGMOID JUNCTION	NA	NA	NA	NA	0	NA	NA	NA	EI	RECTUM
149	TCGA.EI.6882	RECTAL MUCINOUS ADENOCARCINOMA	TRUE	FALSE	MALE	-21682	WHITE	NOT HISPANIC OR LATINO	FALSE	FALSE	01/01/2011	7TH	T3	N0	M0	S2A	R0	TRUE	21	0	NA	ALIVE	108	NA	TUMOR FREE	1.3	FALSE	30	FALSE	FALSE	FALSE	FALSE	NA	NA	FALSE	NA	FALSE	NA	NA	FALSE	NA	FALSE	FALSE	FALSE	108	178	FALSE	NA	NA	NA	NA	59	RECTOSIGMOID JUNCTION	NA	NA	NA	NA	0	NA	NA	NA	EI	RECTUM
150	TCGA.EI.6883	RECTAL ADENOCARCINOMA	TRUE	FALSE	MALE	-23268	WHITE	NOT HISPANIC OR LATINO	FALSE	FALSE	01/01/2011	7TH	T3	N0	M0	S2C	R0	TRUE	16	0	NA	ALIVE	121	NA	TUMOR FREE	1.6	FALSE	21	FALSE	FALSE	FALSE	FALSE	NA	NA	FALSE	NA	FALSE	NA	NA	FALSE	NA	FALSE	FALSE	FALSE	73	180	FALSE	NA	NA	NA	NA	63	RECTOSIGMOID JUNCTION	NA	NA	NA	NA	0	NA	NA	NA	EI	RECTUM
151	TCGA.EI.6884	RECTAL ADENOCARCINOMA	TRUE	FALSE	MALE	-25995	WHITE	NOT HISPANIC OR LATINO	FALSE	FALSE	01/01/2011	7TH	T3	N1	M0	S3A	R0	TRUE	8	3	NA	ALIVE	83	NA	TUMOR FREE	10.7	FALSE	NA	FALSE	FALSE	FALSE	FALSE	NA	NA	FALSE	NA	FALSE	NA	NA	FALSE	NA	FALSE	FALSE	FALSE	73	166	FALSE	NA	NA	NA	NA	71	RECTOSIGMOID JUNCTION	NA	NA	NA	NA	0	NA	NA	NA	EI	RECTUM
152	TCGA.EI.6885	RECTAL ADENOCARCINOMA	TRUE	FALSE	FEMALE	-21140	WHITE	NOT HISPANIC OR LATINO	FALSE	FALSE	01/01/2011	7TH	T3	N1B	M1	S4	R0	TRUE	13	2	NA	ALIVE	160	NA	WITH TUMOR	7868	FALSE	7	FALSE	TRUE	TRUE	NA	NA	NA	FALSE	NA	FALSE	NA	NA	FALSE	NA	FALSE	FALSE	FALSE	53	164	FALSE	NA	NA	NA	NA	57	RECTOSIGMOID JUNCTION	NA	NA	NA	NA	0	NA	NA	NA	EI	RECTUM
153	TCGA.EI.6917	RECTAL ADENOCARCINOMA	TRUE	FALSE	MALE	-12113	WHITE	NOT HISPANIC OR LATINO	FALSE	FALSE	01/01/2010	7TH	T3	N1	M0	S3A	R0	TRUE	14	3	NA	ALIVE	237	NA	TUMOR FREE	2.1	FALSE	1	FALSE	FALSE	FALSE	NA	NA	NA	FALSE	NA	FALSE	NA	NA	FALSE	NA	FALSE	FALSE	FALSE	80	176	NA	NA	NA	NA	NA	33	RECTUM	NA	NA	NA	NA	0	NA	NA	NA	EI	RECTUM
154	TCGA.EI.7002	RECTAL ADENOCARCINOMA	TRUE	FALSE	MALE	-21192	WHITE	NOT HISPANIC OR LATINO	FALSE	FALSE	01/01/2011	7TH	T3	N2	M1	S4	R0	TRUE	13	7	NA	ALIVE	84	NA	WITH TUMOR	140	FALSE	9	FALSE	TRUE	NA	NA	NA	NA	FALSE	NA	FALSE	NA	NA	FALSE	NA	FALSE	FALSE	FALSE	93	185	FALSE	NA	NA	NA	NA	58	RECTUM	NA	NA	NA	NA	0	NA	NA	NA	EI	RECTUM
155	TCGA.EI.7004	RECTAL MUCINOUS ADENOCARCINOMA	TRUE	FALSE	FEMALE	-13566	WHITE	NOT HISPANIC OR LATINO	FALSE	FALSE	01/01/2011	7TH	T4A	N2B	M0	NA	R0	TRUE	30	30	NA	ALIVE	62	NA	TUMOR FREE	3.2	FALSE	30	FALSE	TRUE	FALSE	FALSE	NA	NA	FALSE	NA	FALSE	NA	NA	FALSE	NA	NA	FALSE	FALSE	88	172	FALSE	NA	NA	NA	NA	37	RECTOSIGMOID JUNCTION	NA	NA	NA	NA	0	NA	NA	NA	EI	RECTUM
156	TCGA.F5.6464	RECTAL ADENOCARCINOMA	TRUE	FALSE	FEMALE	-28168	WHITE	NOT HISPANIC OR LATINO	FALSE	FALSE	01/01/2011	7TH	T4B	N2A	M0	S3C	R0	TRUE	4	4	0	ALIVE	0	NA	NA	NA	FALSE	NA	FALSE	FALSE	FALSE	NA	NA	NA	FALSE	NA	FALSE	NA	NA	FALSE	NA	FALSE	FALSE	FALSE	68	159	NA	NA	NA	NA	NA	77	RECTUM	NA	NA	NA	NA	0	NA	NA	NA	F5	RECTUM
157	TCGA.F5.6465	RECTAL ADENOCARCINOMA	TRUE	FALSE	FEMALE	-23432	WHITE	NOT HISPANIC OR LATINO	FALSE	FALSE	01/01/2010	7TH	T3	N0	M0	S2A	R0	TRUE	12	0	0	ALIVE	103	NA	TUMOR FREE	NA	FALSE	NA	FALSE	FALSE	FALSE	NA	NA	NA	NA	NA	NA	NA	NA	NA	NA	FALSE	NA	FALSE	62	170	FALSE	NA	NA	NA	NA	64	RECTOSIGMOID JUNCTION	NA	NA	NA	NA	0	NA	NA	NA	F5	RECTUM
158	TCGA.F5.6571	RECTAL ADENOCARCINOMA	TRUE	FALSE	FEMALE	-22666	WHITE	NOT HISPANIC OR LATINO	FALSE	FALSE	01/01/2011	7TH	T3	N0	M0	S2A	R0	TRUE	2	0	0	ALIVE	26	NA	TUMOR FREE	NA	FALSE	NA	FALSE	FALSE	FALSE	NA	NA	NA	FALSE	NA	FALSE	NA	NA	FALSE	NA	FALSE	FALSE	FALSE	80	166	NA	NA	NA	NA	NA	62	RECTUM	NA	NA	NA	NA	0	NA	NA	NA	F5	RECTUM
159	TCGA.F5.6702	RECTAL ADENOCARCINOMA	TRUE	FALSE	MALE	-26123	WHITE	NOT HISPANIC OR LATINO	FALSE	FALSE	01/01/2010	7TH	T3	N1	M1	S4A	R0	TRUE	12	1	NA	ALIVE	66	NA	WITH TUMOR	NA	FALSE	NA	FALSE	FALSE	FALSE	NA	NA	NA	NA	NA	NA	NA	NA	NA	NA	FALSE	NA	FALSE	76	172	TRUE	NA	NA	NA	NA	71	RECTOSIGMOID JUNCTION	NA	NA	NA	NA	0	NA	NA	NA	F5	RECTUM
160	TCGA.F5.6811	RECTAL ADENOCARCINOMA	TRUE	FALSE	FEMALE	-26575	WHITE	NOT HISPANIC OR LATINO	FALSE	FALSE	01/01/2011	7TH	T3	N0	M0	S2A	NA	TRUE	8	0	0	ALIVE	31	NA	TUMOR FREE	NA	TRUE	NA	FALSE	FALSE	NA	FALSE	NA	NA	NA	NA	NA	NA	NA	NA	NA	NA	FALSE	NA	88	165	FALSE	NA	NA	NA	NA	72	RECTOSIGMOID JUNCTION	NA	NA	NA	NA	0	NA	NA	NA	F5	RECTUM
161	TCGA.F5.6812	RECTAL ADENOCARCINOMA	TRUE	FALSE	MALE	-24490	WHITE	NOT HISPANIC OR LATINO	FALSE	FALSE	01/01/2011	7TH	T3	N0	M0	S2A	R0	TRUE	1	0	0	ALIVE	20	NA	TUMOR FREE	NA	FALSE	NA	FALSE	FALSE	FALSE	NA	NA	NA	FALSE	NA	FALSE	NA	NA	FALSE	NA	FALSE	FALSE	FALSE	90	188	NA	NA	NA	NA	NA	67	RECTUM	NA	NA	NA	NA	0	NA	NA	NA	F5	RECTUM
162	TCGA.F5.6813	RECTAL ADENOCARCINOMA	TRUE	FALSE	MALE	-25651	WHITE	NOT HISPANIC OR LATINO	FALSE	FALSE	01/01/2011	7TH	T4A	N2	M0	S3C	R0	TRUE	12	12	0	ALIVE	21	NA	NA	NA	FALSE	NA	FALSE	FALSE	FALSE	NA	NA	NA	FALSE	NA	FALSE	NA	NA	FALSE	NA	FALSE	FALSE	FALSE	85	174	NA	NA	NA	NA	NA	70	RECTUM	NA	NA	NA	NA	0	NA	NA	NA	F5	RECTUM
163	TCGA.F5.6814	RECTAL ADENOCARCINOMA	TRUE	FALSE	MALE	-20828	WHITE	NOT HISPANIC OR LATINO	FALSE	FALSE	01/01/2011	7TH	T3	N0	M0	S2A	R0	TRUE	18	0	0	ALIVE	16	NA	TUMOR FREE	NA	FALSE	NA	FALSE	FALSE	FALSE	NA	NA	NA	NA	NA	FALSE	NA	NA	FALSE	NA	FALSE	FALSE	FALSE	61	175	FALSE	NA	NA	NA	NA	57	RECTUM	NA	NA	NA	NA	0	NA	NA	NA	F5	RECTUM
164	TCGA.F5.6861	RECTAL ADENOCARCINOMA	TRUE	FALSE	FEMALE	-21936	WHITE	NOT HISPANIC OR LATINO	FALSE	FALSE	01/01/2011	7TH	T3	N0	M0	S2A	R0	TRUE	8	0	0	ALIVE	34	NA	TUMOR FREE	NA	FALSE	NA	FALSE	FALSE	FALSE	NA	NA	NA	FALSE	NA	FALSE	NA	NA	FALSE	NA	FALSE	FALSE	FALSE	64	162	NA	NA	NA	NA	NA	60	RECTUM	NA	NA	NA	NA	0	NA	NA	NA	F5	RECTUM
165	TCGA.F5.6863	RECTAL ADENOCARCINOMA	TRUE	FALSE	FEMALE	-25936	WHITE	NOT HISPANIC OR LATINO	FALSE	FALSE	01/01/2011	7TH	T4A	N1	M0	S3B	R0	TRUE	6	3	0	ALIVE	23	NA	NA	NA	FALSE	NA	FALSE	FALSE	FALSE	NA	NA	NA	FALSE	NA	FALSE	NA	NA	FALSE	NA	FALSE	FALSE	FALSE	77	166	NA	NA	NA	NA	NA	71	RECTUM	NA	NA	NA	NA	0	NA	NA	NA	F5	RECTUM
166	TCGA.F5.6864	RECTAL ADENOCARCINOMA	TRUE	FALSE	FEMALE	-27058	WHITE	NOT HISPANIC OR LATINO	FALSE	FALSE	01/01/2011	7TH	T3	N2A	M0	S3B	R0	TRUE	4	4	NA	ALIVE	14	NA	TUMOR FREE	NA	FALSE	NA	FALSE	FALSE	FALSE	NA	NA	NA	NA	NA	FALSE	NA	NA	NA	NA	NA	NA	NA	78	157	FALSE	NA	NA	NA	NA	74	RECTUM	NA	NA	NA	NA	0	NA	NA	NA	F5	RECTUM
167	TCGA.G5.6233	RECTAL ADENOCARCINOMA	FALSE	TRUE	MALE	-27190	WHITE	NOT HISPANIC OR LATINO	TRUE	FALSE	01/01/2009	6TH	T3	N2	M0	NA	R0	TRUE	72	27	NA	DEAD	NA	556	WITH TUMOR	0.5	TRUE	NA	TRUE	TRUE	TRUE	NA	NA	NA	FALSE	NA	TRUE	TRUE	12	FALSE	NA	FALSE	FALSE	FALSE	97.7	176.9	FALSE	NA	NA	NA	NA	74	SIGMOID COLON	NA	NA	NA	NA	0	NA	NA	NA	G5	RECTUM
168	TCGA.G5.6235	RECTAL ADENOCARCINOMA	FALSE	TRUE	MALE	-26348	WHITE	NOT HISPANIC OR LATINO	TRUE	FALSE	01/01/2007	6TH	T3	N1	MX	S3B	R1	TRUE	13	1	NA	ALIVE	1451	NA	WITH TUMOR	1.7	FALSE	NA	FALSE	FALSE	FALSE	NA	NA	NA	FALSE	NA	FALSE	NA	NA	FALSE	NA	FALSE	FALSE	FALSE	77.6	169	FALSE	NA	NA	NA	NA	72	RECTOSIGMOID JUNCTION	NA	NA	NA	NA	0	NA	NA	NA	G5	RECTUM
169	TCGA.G5.6572	RECTAL ADENOCARCINOMA	FALSE	TRUE	MALE	-20475	WHITE	NOT HISPANIC OR LATINO	FALSE	FALSE	01/01/2004	NA	NA	NA	NA	NA	NA	TRUE	22	0	NA	DEAD	NA	1432	TUMOR FREE	1.7	FALSE	NA	FALSE	FALSE	FALSE	NA	NA	NA	FALSE	NA	FALSE	NA	NA	FALSE	NA	FALSE	FALSE	FALSE	140	185.4	FALSE	NA	NA	NA	NA	56	RECTOSIGMOID JUNCTION	NA	NA	NA	NA	0	NA	NA	NA	G5	RECTUM
170	TCGA.G5.6641	RECTAL MUCINOUS ADENOCARCINOMA	FALSE	TRUE	MALE	-24486	WHITE	NOT HISPANIC OR LATINO	TRUE	FALSE	01/01/2009	6TH	T1	N1	MX	S3A	R0	TRUE	26	1	NA	ALIVE	636	NA	TUMOR FREE	NA	FALSE	NA	FALSE	FALSE	FALSE	NA	NA	NA	FALSE	NA	FALSE	NA	NA	FALSE	NA	FALSE	FALSE	FALSE	118.6	189.3	FALSE	NA	NA	NA	NA	67	RECTOSIGMOID JUNCTION	NA	NA	NA	NA	0	NA	NA	NA	G5	RECTUM
